case,mean_edge_density_mean,mean_retained_edges_mean,mean_total_weight_mean,mean_w_ic_mean,mean_w_rc_mean,method,n_ok,n_rows,n_skipped,representation,stability_mean,stability_type
A,0.8625658521427356,216.44444444444446,10.384244956005423,0.7642595011134048,0.500870660933808,cgc,9,9,0,deconvolved,0.7440802085729622,leave_one_neuron
A,0.97590039103197,239.29166666666666,25.741399417210413,0.7359033454271025,0.5014968921603177,cgc,9,9,0,deconvolved,0.9633065555997887,time_window
A,1.0,245.77777777777777,20.81678779489659,0.5326532890842552,0.4956203720767547,cgc,9,9,0,fall,1.0,event_bootstrap
A,0.8625658521427356,216.44444444444446,12.91143879792012,0.5422608870992973,0.4963054119448897,cgc,9,9,0,fall,0.7440802085729622,leave_one_neuron
A,1.0,245.77777777777777,14.584150046152725,0.5378953903687277,0.4945705877344546,cgc,9,9,0,fall,1.0,leave_one_transient
A,1.0,245.77777777777777,50.38525991719636,0.5070812531114061,0.49743027740493456,cgc,9,9,0,fall,1.0,time_window
A,1.0,245.77777777777777,23.780995521649427,0.494434481511884,0.4902685635587322,cgc,9,9,0,fall_residual,1.0,event_bootstrap
A,0.8625658521427356,216.44444444444446,13.277342546209285,0.5136255580119401,0.47691840177189004,cgc,9,9,0,fall_residual,0.7440802085729622,leave_one_neuron
A,1.0,245.77777777777777,15.053917020742066,0.5096887371706403,0.4728253472519007,cgc,9,9,0,fall_residual,1.0,leave_one_transient
A,0.9999593892137751,245.76388888888889,68.77765966463352,0.47329068880160224,0.5047843414089017,cgc,9,9,0,fall_residual,0.9999187784275504,time_window
A,0.8625658521427356,216.44444444444446,12.102546730619741,0.6232125411052634,0.49195584893292454,cgc,9,9,0,full,0.7440802085729622,leave_one_neuron
A,1.0,245.77777777777777,32.66090840950338,0.571255731009472,0.5058766459791405,cgc,9,9,0,full,1.0,time_window
A,0.9969612177945513,244.68333333333334,60.33304070407783,0.39058675810176635,0.5289776031470403,cgc,9,9,0,rise,0.9963291870188853,event_bootstrap
A,0.8620957834908487,216.22727272727272,34.25847531961576,0.5029601288401478,0.5399319322280203,cgc,9,9,0,rise,0.7440274816344019,leave_one_neuron
A,0.999518423608462,245.5552894848872,40.02630428882877,0.492728120101364,0.546840588019983,cgc,9,9,0,rise,0.9999988445013328,leave_one_transient
A,0.9453782643798123,233.72222222222223,123.93987639955822,0.4806251646011243,0.5050933468358542,cgc,9,9,0,rise,0.9282251899902612,time_window
A,0.8625658521427356,216.44444444444446,11.713684460515879,0.7730304232789649,0.48518209240975174,cgc-star,9,9,0,deconvolved,0.7440802085729622,leave_one_neuron
A,0.97590039103197,239.29166666666666,25.902068423904957,0.7326121029168238,0.4933953309349495,cgc-star,9,9,0,deconvolved,0.9633065555997887,time_window
A,1.0,245.77777777777777,29.556122889996345,0.5898006770133163,0.5013339409951159,cgc-star,9,9,0,fall,1.0,event_bootstrap
A,0.8625658521427356,216.44444444444446,23.179709567041755,0.6232242588627206,0.5022879653599208,cgc-star,9,9,0,fall,0.7440802085729622,leave_one_neuron
A,1.0,245.77777777777777,25.54221407577914,0.6203631942959548,0.5023064679037655,cgc-star,9,9,0,fall,1.0,leave_one_transient
A,1.0,245.77777777777777,78.99999939609965,0.4813660501825049,0.49206541780029206,cgc-star,9,9,0,fall,1.0,time_window
A,1.0,245.77777777777777,34.573752185753605,0.5518113218102582,0.5014719926242831,cgc-star,9,9,0,fall_residual,1.0,event_bootstrap
A,0.8625658521427356,216.44444444444446,23.680453578124798,0.5967675018473548,0.5007508383368404,cgc-star,9,9,0,fall_residual,0.7440802085729622,leave_one_neuron
A,1.0,245.77777777777777,26.163162594104282,0.5954407241423578,0.4999617986560063,cgc-star,9,9,0,fall_residual,1.0,leave_one_transient
A,1.0,245.77777777777777,102.3982812976894,0.4505259517726221,0.49568912926144776,cgc-star,9,9,0,fall_residual,1.0,time_window
A,0.8625658521427356,216.44444444444446,23.629468907981416,0.7187174197766031,0.4993119118390516,cgc-star,9,9,0,full,0.7440802085729622,leave_one_neuron
A,1.0,245.77777777777777,30.996254636321265,0.6125057686830027,0.4918614015814642,cgc-star,9,9,0,full,1.0,time_window
A,0.997344630677964,244.70555555555555,79.55626869651233,0.35759447121829013,0.49541990632557464,cgc-star,9,9,0,rise,0.9970832574541204,event_bootstrap
A,0.8620957834908487,216.22727272727272,42.19046608981547,0.4863919547804774,0.49204038719018417,cgc-star,9,9,0,rise,0.7440313178843722,leave_one_neuron
A,0.9995181932442468,245.55518305661982,46.50838980650558,0.48117390528085074,0.4915259538136421,cgc-star,9,9,0,rise,0.9999983819907319,leave_one_transient
A,0.9447424897179799,233.65277777777777,134.76574190531426,0.5275968361862412,0.49058185180057406,cgc-star,9,9,0,rise,0.9257465702662766,time_window
B,0.8407175250312506,147.33333333333334,7.9208975012327265,0.8058242390976482,0.4915314121184065,cgc,9,9,0,deconvolved,0.7058743725410392,leave_one_neuron
B,0.9942002442002441,170.72222222222223,18.902774277287406,0.7812397291112555,0.49528569166196246,cgc,9,9,0,deconvolved,0.9894470608756324,time_window
B,1.0,171.77777777777777,13.675392417551995,0.5427509696412961,0.5034182495021475,cgc,9,9,0,fall,1.0,event_bootstrap
B,0.8407175250312506,147.33333333333334,8.744198081486594,0.5615784989175879,0.49480828563665685,cgc,9,9,0,fall,0.7058743725410392,leave_one_neuron
B,1.0,171.77777777777777,10.03540540394025,0.5614232018806269,0.4933616989864897,cgc,9,9,0,fall,1.0,leave_one_transient
B,1.0,171.77777777777777,30.07759030049396,0.5053895415951518,0.5032371637633314,cgc,9,9,0,fall,1.0,time_window
B,1.0,171.77777777777777,15.055175203445884,0.48504842479015475,0.4961571687239479,cgc,9,9,0,fall_residual,1.0,event_bootstrap
B,0.8407175250312506,147.33333333333334,8.61089205634873,0.5100796763657571,0.48959390947224546,cgc,9,9,0,fall_residual,0.7058743725410392,leave_one_neuron
B,1.0,171.77777777777777,10.048778241083319,0.5067004833616061,0.48646476837351227,cgc,9,9,0,fall_residual,1.0,leave_one_transient
B,1.0,171.77777777777777,36.14291464324916,0.45651498050690736,0.5005180101954889,cgc,9,9,0,fall_residual,1.0,time_window
B,0.8407175250312506,147.33333333333334,8.430897041396875,0.6294940057469208,0.4956081946893885,cgc,9,9,0,full,0.7058743725410392,leave_one_neuron
B,1.0,171.77777777777777,23.68393934396117,0.5802712302288593,0.501523572264613,cgc,9,9,0,full,1.0,time_window
B,0.9967415381889067,170.71666666666667,47.6857661711835,0.36131225162147174,0.5375230352674292,cgc,9,9,0,rise,0.9960659013172213,event_bootstrap
B,0.8401327297096132,147.11111111111111,26.120327518248455,0.4999310904027441,0.534639496754268,cgc,9,9,0,rise,0.7057871608515262,leave_one_neuron
B,0.9994136431421232,171.5549621717846,31.29518145005465,0.4901729645206461,0.5439720427174799,cgc,9,9,0,rise,0.99999686407075,leave_one_transient
B,0.9336852247697836,159.73611111111111,79.61904729852836,0.4339044729269402,0.5035082993591294,cgc,9,9,0,rise,0.9097940829847436,time_window
B,0.8407175250312506,147.33333333333334,9.257311667980925,0.8132839497535754,0.4829031171471073,cgc-star,9,9,0,deconvolved,0.7058743725410392,leave_one_neuron
B,0.9942002442002441,170.72222222222223,18.98952342290393,0.7774210359266784,0.4865735046670032,cgc-star,9,9,0,deconvolved,0.9894470608756324,time_window
B,1.0,171.77777777777777,21.57387343971108,0.6135879781563376,0.5027568237740538,cgc-star,9,9,0,fall,1.0,event_bootstrap
B,0.8407175250312506,147.33333333333334,18.0205124566906,0.6495561146438382,0.50587380712657,cgc-star,9,9,0,fall,0.7058743725410392,leave_one_neuron
B,1.0,171.77777777777777,20.09353326904154,0.6451811502460342,0.5062121682449265,cgc-star,9,9,0,fall,1.0,leave_one_transient
B,1.0,171.77777777777777,36.16338485601871,0.4854040731617778,0.4891002330578431,cgc-star,9,9,0,fall,1.0,time_window
B,1.0,171.77777777777777,22.955023330454544,0.5727341258223028,0.4995445158011242,cgc-star,9,9,0,fall_residual,1.0,event_bootstrap
B,0.8407175250312506,147.33333333333334,18.045339089788357,0.6215723881758175,0.5006973094756042,cgc-star,9,9,0,fall_residual,0.7058743725410392,leave_one_neuron
B,1.0,171.77777777777777,20.143299838634547,0.6182113876756258,0.5004711955166469,cgc-star,9,9,0,fall_residual,1.0,leave_one_transient
B,1.0,171.77777777777777,58.62588994822256,0.4152320302760347,0.48717648769658317,cgc-star,9,9,0,fall_residual,1.0,time_window
B,0.8407175250312506,147.33333333333334,19.586619460729626,0.7332770130288973,0.500263080551092,cgc-star,9,9,0,full,0.7058743725410392,leave_one_neuron
B,1.0,171.77777777777777,23.24645041520605,0.6288445692361759,0.49113181459376765,cgc-star,9,9,0,full,1.0,time_window
B,0.9966347969721292,170.67222222222225,60.65961283099752,0.34320536117303524,0.4910524107073752,cgc-star,9,9,0,rise,0.9961442946549971,event_bootstrap
B,0.8401327297096132,147.11111111111111,33.918887253335846,0.5095245542542831,0.48950367979820064,cgc-star,9,9,0,rise,0.7057815420745549,leave_one_neuron
B,0.9994136431421232,171.5549621717846,39.05228208029376,0.49231898638727245,0.48819952786380305,cgc-star,9,9,0,rise,0.9999968645950646,leave_one_transient
B,0.9339037894700949,159.69444444444446,92.32152077208485,0.5230128698592877,0.49971225451684526,cgc-star,9,9,0,rise,0.9111825669015166,time_window
C,0.8407175250312506,147.33333333333334,7.706769334616715,0.8156838604500329,0.48676300451990656,cgc,9,9,0,deconvolved,0.7058743725410392,leave_one_neuron
C,0.9942002442002441,170.72222222222223,18.822447709542537,0.7837309245463545,0.4954371287252488,cgc,9,9,0,deconvolved,0.9894470608756324,time_window
C,1.0,171.77777777777777,14.571128265159574,0.5429053232832379,0.49126404175233696,cgc,9,9,0,fall,1.0,event_bootstrap
C,0.8407175250312506,147.33333333333334,10.077116248373017,0.5569624019309791,0.49001497172579256,cgc,9,9,0,fall,0.7058743725410392,leave_one_neuron
C,1.0,171.77777777777777,11.584267552240489,0.5563293157167506,0.48890701878420195,cgc,9,9,0,fall,1.0,leave_one_transient
C,1.0,171.77777777777777,30.041983000537567,0.5083759210061765,0.5027011227882147,cgc,9,9,0,fall,1.0,time_window
C,1.0,171.77777777777777,15.856437948333584,0.48274444955431167,0.4862604628496986,cgc,9,9,0,fall_residual,1.0,event_bootstrap
C,0.8407175250312506,147.33333333333334,10.04996243048226,0.5020190157565081,0.4773642733960101,cgc,9,9,0,fall_residual,0.7058743725410392,leave_one_neuron
C,1.0,171.77777777777777,11.674717773499783,0.49748011530295205,0.4757059774253819,cgc,9,9,0,fall_residual,1.0,leave_one_transient
C,1.0,171.77777777777777,35.977593539230575,0.4588394606555426,0.5004692339550695,cgc,9,9,0,fall_residual,1.0,time_window
C,0.8407175250312506,147.33333333333334,8.424533632717868,0.6286446609927931,0.49550400610426526,cgc,9,9,0,full,0.7058743725410392,leave_one_neuron
C,1.0,171.77777777777777,23.66722259022918,0.582860042666293,0.5010272234168583,cgc,9,9,0,full,1.0,time_window
C,0.9964505434461574,170.60000000000002,47.968975385695074,0.36323929434458496,0.5326050040912367,cgc,9,9,0,rise,0.9960267997055473,event_bootstrap
C,0.8401327297096132,147.11111111111111,26.073839151972674,0.5004615722321671,0.5344529104545417,cgc,9,9,0,rise,0.7057871608515262,leave_one_neuron
C,0.9994136431421232,171.5549621717846,31.232768410916478,0.49094449824735836,0.5437515069595329,cgc,9,9,0,rise,0.99999686407075,leave_one_transient
C,0.9335320384952739,159.69444444444446,79.52005213663023,0.43353141785216204,0.504144665845082,cgc,9,9,0,rise,0.9096904602899095,time_window
C,0.8407175250312506,147.33333333333334,8.974903829874451,0.822059390675325,0.48027137062494635,cgc-star,9,9,0,deconvolved,0.7058743725410392,leave_one_neuron
C,0.9942002442002441,170.72222222222223,18.907677199531964,0.7796324194319211,0.48669476851999033,cgc-star,9,9,0,deconvolved,0.9894470608756324,time_window
C,1.0,171.77777777777777,21.266956679369518,0.6104683910973067,0.501047348091764,cgc-star,9,9,0,fall,1.0,event_bootstrap
C,0.8407175250312506,147.33333333333334,17.02976660142888,0.6467493610099968,0.5036798717728099,cgc-star,9,9,0,fall,0.7058743725410392,leave_one_neuron
C,1.0,171.77777777777777,19.077373063531677,0.6418111691722224,0.5041308891977585,cgc-star,9,9,0,fall,1.0,leave_one_transient
C,1.0,171.77777777777777,36.11182615626262,0.48513778828185106,0.489510710878768,cgc-star,9,9,0,fall,1.0,time_window
C,1.0,171.77777777777777,22.2655508729403,0.5655438534479228,0.49680210174475253,cgc-star,9,9,0,fall_residual,1.0,event_bootstrap
C,0.8407175250312506,147.33333333333334,16.95007112615893,0.6125857427911987,0.4998195451710259,cgc-star,9,9,0,fall_residual,0.7058743725410392,leave_one_neuron
C,1.0,171.77777777777777,19.013336172311952,0.6083148174363147,0.49957273220108195,cgc-star,9,9,0,fall_residual,1.0,leave_one_transient
C,1.0,171.77777777777777,58.55744021944521,0.41460675988961737,0.4874524950651337,cgc-star,9,9,0,fall_residual,1.0,time_window
C,0.8407175250312506,147.33333333333334,19.358826059585,0.7370041493700942,0.5006025020212975,cgc-star,9,9,0,full,0.7058743725410392,leave_one_neuron
C,1.0,171.77777777777777,23.17835533719822,0.6300273425465265,0.4910376132321713,cgc-star,9,9,0,full,1.0,time_window
C,0.9964845826687933,170.6888888888889,60.50773207935072,0.347092082996476,0.49397055803086487,cgc-star,9,9,0,rise,0.9959157395621424,event_bootstrap
C,0.8401327297096132,147.11111111111111,33.9445964684432,0.5089910473106019,0.48945081048654804,cgc-star,9,9,0,rise,0.7057815420745549,leave_one_neuron
C,0.9994136431421232,171.5549621717846,39.16396115948165,0.49078453774001546,0.4881676266418428,cgc-star,9,9,0,rise,0.9999968645950646,leave_one_transient
C,0.9337506031955852,159.65277777777777,92.31989505858616,0.5227349362025008,0.5000448374661982,cgc-star,9,9,0,rise,0.9111079008971712,time_window
D,0.8407175250312506,147.33333333333334,7.364770561372246,0.8708411526742779,0.5112611819224377,cgc,9,9,0,deconvolved,0.7058743725410392,leave_one_neuron
D,0.9922161172161172,170.36111111111111,20.512098241139135,0.882612784513502,0.49558227828273427,cgc,9,9,0,deconvolved,0.9856955035927749,time_window
D,1.0,171.77777777777777,18.330807188424544,0.6114158085606244,0.47337629983113483,cgc,9,9,0,fall,1.0,event_bootstrap
D,0.8407175250312506,147.33333333333334,14.134037117582736,0.6394366969451492,0.46857193048416895,cgc,9,9,0,fall,0.7058743725410392,leave_one_neuron
D,1.0,171.77777777777777,16.191974669783054,0.6356132012364502,0.4680274559157154,cgc,9,9,0,fall,1.0,leave_one_transient
D,1.0,171.77777777777777,39.430783821722144,0.5207967006788778,0.4945813064132037,cgc,9,9,0,fall,1.0,time_window
D,1.0,171.77777777777777,19.70795541442548,0.5470684619922457,0.4863154309147112,cgc,9,9,0,fall_residual,1.0,event_bootstrap
D,0.8407175250312506,147.33333333333334,14.98741937797169,0.5786439723508789,0.48422790487064293,cgc,9,9,0,fall_residual,0.7058743725410392,leave_one_neuron
D,1.0,171.77777777777777,17.425371713023242,0.5708017868675245,0.4824433989393431,cgc,9,9,0,fall_residual,1.0,leave_one_transient
D,0.9973484848484849,171.48611111111111,42.94132681590357,0.473659810361836,0.49485180361474307,cgc,9,9,0,fall_residual,0.9947628314600792,time_window
D,0.8407175250312506,147.33333333333334,8.068300837396622,0.6321979638080484,0.5017647385643493,cgc,9,9,0,full,0.7058743725410392,leave_one_neuron
D,1.0,171.77777777777777,28.852093887395352,0.5811374829720657,0.4954783493003308,cgc,9,9,0,full,1.0,time_window
D,0.7524568406644001,130.0277777777778,46.65162477059056,0.3575901946278178,0.525111390855284,cgc,9,9,0,rise,0.882076931134645,event_bootstrap
D,0.7383005105302591,129.43369658663775,45.00842697842648,0.2604979429424156,0.5211242104125828,cgc,9,9,0,rise,0.6917076875836564,leave_one_neuron
D,0.8705953901684343,149.77209766475232,51.92407730611857,0.2587775182332278,0.5263605497553442,cgc,9,9,0,rise,0.9977083562371435,leave_one_transient
D,0.5667217389450362,97.76388888888889,48.78500041699692,0.814094008537261,0.5034863344536211,cgc,9,9,0,rise,0.817379393407411,time_window
D,0.8407175250312506,147.33333333333334,12.127267231410821,0.9161022220617583,0.4993663115164333,cgc-star,9,9,0,deconvolved,0.7058743725410392,leave_one_neuron
D,0.9922161172161172,170.36111111111111,21.593762391333144,0.8914486337759949,0.5030761344816124,cgc-star,9,9,0,deconvolved,0.9856955035927749,time_window
D,1.0,171.77777777777777,22.392239709728013,0.703107612491417,0.49457491965533124,cgc-star,9,9,0,fall,1.0,event_bootstrap
D,0.8407175250312506,147.33333333333334,17.618340662428132,0.7539123760747816,0.49450299280500004,cgc-star,9,9,0,fall,0.7058743725410392,leave_one_neuron
D,1.0,171.77777777777777,19.96353749833844,0.7457450253328168,0.49461342278009457,cgc-star,9,9,0,fall,1.0,leave_one_transient
D,1.0,171.77777777777777,40.748348854024336,0.5558385749845137,0.4902895916987092,cgc-star,9,9,0,fall,1.0,time_window
D,1.0,171.77777777777777,23.90354380343456,0.6610483337590486,0.49585491392958125,cgc-star,9,9,0,fall_residual,1.0,event_bootstrap
D,0.8407175250312506,147.33333333333334,18.37320082562014,0.7200344782620507,0.4942121713198021,cgc-star,9,9,0,fall_residual,0.7058743725410392,leave_one_neuron
D,1.0,171.77777777777777,20.861601305734958,0.7123581308394977,0.4940946044327698,cgc-star,9,9,0,fall_residual,1.0,leave_one_transient
D,0.9973484848484849,171.48611111111111,53.62242712573538,0.4869290427374795,0.4954472423214431,cgc-star,9,9,0,fall_residual,0.9947628314600792,time_window
D,0.8407175250312506,147.33333333333334,18.400687346385684,0.8690382063967355,0.4987463540234841,cgc-star,9,9,0,full,0.7058743725410392,leave_one_neuron
D,1.0,171.77777777777777,30.943163773469173,0.7117559684119648,0.4928466690121113,cgc-star,9,9,0,full,1.0,time_window
D,0.7585738038143869,130.9944444444444,51.68790573298618,0.42215278569670256,0.5002064619777593,cgc-star,9,9,0,rise,0.8781787937977517,event_bootstrap
D,0.7367837822114459,129.3239085533203,49.57962172150935,0.34190189126382786,0.5019960165695618,cgc-star,9,9,0,rise,0.6904503137924949,leave_one_neuron
D,0.8773724424397124,150.65276214663078,56.60113791916793,0.32739321016226547,0.5011051274513598,cgc-star,9,9,0,rise,0.9975526178017342,leave_one_transient
D,0.566874544217488,97.81944444444444,53.53807810397842,0.8275001079169179,0.506157020503955,cgc-star,9,9,0,rise,0.8155655941154153,time_window
