binary,case,dataset,description,edge_density,edge_opportunities,fish,fluo_type,max_in_strength,max_out_strength,mean_in_strength,mean_out_strength,method,method_internal,metric_semantics,n_nodes,recording,representation,retained_edges,source_file,subset,total_weight,trace,trial
False,dff,motoneurons,,0.3241758241758242,182,3,dff,5.1479592279735185,4.964229042687334,3.4415662352535525,3.4415662352535525,cgc,cgc,directed_weighted_adjacency,14,F3T1,full_trace,59,cgc_motoneurons_weighted_adjacency_matrices.pkl,,48.181927293549734,1,1
False,dff,motoneurons,,0.3901098901098901,182,3,dff,4.842496136380908,4.330218490530275,3.5655692965203714,3.5655692965203705,cgc,cgc,directed_weighted_adjacency,14,F3T1,deconvolved,71,cgc_motoneurons_weighted_adjacency_matrices.pkl,,49.91797015128519,1,1
False,dff,motoneurons,,0.3901098901098901,182,3,dff,4.364058086709514,4.8462221723295125,3.6347139234714723,3.6347139234714723,cgc,cgc,directed_weighted_adjacency,14,F3T1,rise,71,cgc_motoneurons_weighted_adjacency_matrices.pkl,,50.885994928600624,1,1
False,dff,motoneurons,,0.4065934065934066,182,3,dff,6.904150183261003,7.400130607171314,4.347344104453387,4.347344104453388,cgc,cgc,directed_weighted_adjacency,14,F3T1,fall,74,cgc_motoneurons_weighted_adjacency_matrices.pkl,,60.86281746234742,1,1
False,dff,motoneurons,,0.3791208791208791,182,3,dff,5.956153972087315,5.956153972087314,4.251935787029104,4.251935787029104,cgc,cgc,directed_weighted_adjacency,14,F3T1,fall_residual,69,cgc_motoneurons_weighted_adjacency_matrices.pkl,,59.52710101840744,1,1
False,dff,motoneurons,,0.33636363636363636,110,3,dff,4.245600726731523,4.245600726731523,2.8957878224625984,2.8957878224625984,cgc,cgc,directed_weighted_adjacency,11,F3T2,full_trace,37,cgc_motoneurons_weighted_adjacency_matrices.pkl,,31.85366604708858,2,2
False,dff,motoneurons,,0.33636363636363636,110,3,dff,3.92808295755724,3.858469719641358,2.7796412363393697,2.7796412363393697,cgc,cgc,directed_weighted_adjacency,11,F3T2,deconvolved,37,cgc_motoneurons_weighted_adjacency_matrices.pkl,,30.57605359973307,2,2
False,dff,motoneurons,,0.35454545454545455,110,3,dff,3.8754210465701835,3.8754210465701835,2.917751298769784,2.917751298769784,cgc,cgc,directed_weighted_adjacency,11,F3T2,rise,39,cgc_motoneurons_weighted_adjacency_matrices.pkl,,32.095264286467625,2,2
False,dff,motoneurons,,0.41818181818181815,110,3,dff,3.9601101487786425,3.7096530742045557,2.726493985390201,2.726493985390201,cgc,cgc,directed_weighted_adjacency,11,F3T2,fall,46,cgc_motoneurons_weighted_adjacency_matrices.pkl,,29.991433839292206,2,2
False,dff,motoneurons,,0.45454545454545453,110,3,dff,4.054232773143286,4.054232773143286,2.9678195170435773,2.9678195170435773,cgc,cgc,directed_weighted_adjacency,11,F3T2,fall_residual,50,cgc_motoneurons_weighted_adjacency_matrices.pkl,,32.64601468747936,2,2
False,dff,motoneurons,,0.4007352941176471,272,5,dff,7.594471975028445,6.711979739295412,4.923571205620949,4.923571205620948,cgc,cgc,directed_weighted_adjacency,17,F5T2,full_trace,109,cgc_motoneurons_weighted_adjacency_matrices.pkl,,83.70071049555611,2,2
False,dff,motoneurons,,0.35294117647058826,272,5,dff,7.150681067012475,6.711894388928945,5.043665159806149,5.043665159806149,cgc,cgc,directed_weighted_adjacency,17,F5T2,deconvolved,96,cgc_motoneurons_weighted_adjacency_matrices.pkl,,85.74230771670453,2,2
False,dff,motoneurons,,0.3786764705882353,272,5,dff,7.128961892599864,6.727605660110798,5.173296697486219,5.173296697486219,cgc,cgc,directed_weighted_adjacency,17,F5T2,rise,103,cgc_motoneurons_weighted_adjacency_matrices.pkl,,87.94604385726572,2,2
False,dff,motoneurons,,0.4007352941176471,272,5,dff,6.480112426294474,6.545593411563253,4.934389763920622,4.934389763920621,cgc,cgc,directed_weighted_adjacency,17,F5T2,fall,109,cgc_motoneurons_weighted_adjacency_matrices.pkl,,83.88462598665058,2,2
False,dff,motoneurons,,0.3713235294117647,272,5,dff,7.063897183137675,6.392609325209212,4.912639149876639,4.912639149876639,cgc,cgc,directed_weighted_adjacency,17,F5T2,fall_residual,101,cgc_motoneurons_weighted_adjacency_matrices.pkl,,83.51486554790284,2,2
False,f_smooth,motoneurons,,0.2692307692307692,182,3,f_smooth,3.8608510461227916,4.896750605474118,2.8790829067841637,2.8790829067841637,cgc,cgc,directed_weighted_adjacency,14,F3T1,full_trace,49,cgc_motoneurons_weighted_adjacency_matrices.pkl,,40.30716069497829,1,1
False,f_smooth,motoneurons,,0.2857142857142857,182,3,f_smooth,4.083901737418074,3.6499137456304163,2.6565377038620013,2.6565377038620013,cgc,cgc,directed_weighted_adjacency,14,F3T1,deconvolved,52,cgc_motoneurons_weighted_adjacency_matrices.pkl,,37.19152785406802,1,1
False,f_smooth,motoneurons,,0.2857142857142857,182,3,f_smooth,4.202609714231921,4.301430864639201,2.959860606807005,2.959860606807005,cgc,cgc,directed_weighted_adjacency,14,F3T1,rise,52,cgc_motoneurons_weighted_adjacency_matrices.pkl,,41.43804849529808,1,1
False,f_smooth,motoneurons,,0.2967032967032967,182,3,f_smooth,4.835497839447084,4.33598642104954,3.1877878822648924,3.187787882264892,cgc,cgc,directed_weighted_adjacency,14,F3T1,fall,54,cgc_motoneurons_weighted_adjacency_matrices.pkl,,44.62903035170848,1,1
False,f_smooth,motoneurons,,0.24725274725274726,182,3,f_smooth,4.06293615742489,4.06293615742489,2.446378215837502,2.446378215837502,cgc,cgc,directed_weighted_adjacency,14,F3T1,fall_residual,45,cgc_motoneurons_weighted_adjacency_matrices.pkl,,34.24929502172503,1,1
False,f_smooth,motoneurons,,0.2636363636363636,110,3,f_smooth,4.224680883669093,3.6644029597492533,2.369016223138121,2.3690162231381215,cgc,cgc,directed_weighted_adjacency,11,F3T2,full_trace,29,cgc_motoneurons_weighted_adjacency_matrices.pkl,,26.05917845451934,2,2
False,f_smooth,motoneurons,,0.2909090909090909,110,3,f_smooth,3.9544432056098247,3.5300342217062606,2.5353078814115317,2.5353078814115317,cgc,cgc,directed_weighted_adjacency,11,F3T2,deconvolved,32,cgc_motoneurons_weighted_adjacency_matrices.pkl,,27.888386695526854,2,2
False,f_smooth,motoneurons,,0.34545454545454546,110,3,f_smooth,3.957042608804897,3.9331759893791287,2.941170846074826,2.941170846074826,cgc,cgc,directed_weighted_adjacency,11,F3T2,rise,38,cgc_motoneurons_weighted_adjacency_matrices.pkl,,32.35287930682308,2,2
False,f_smooth,motoneurons,,0.24545454545454545,110,3,f_smooth,3.44839605887014,3.8065207989008605,2.200785844767428,2.200785844767428,cgc,cgc,directed_weighted_adjacency,11,F3T2,fall,27,cgc_motoneurons_weighted_adjacency_matrices.pkl,,24.208644292441708,2,2
False,f_smooth,motoneurons,,0.2818181818181818,110,3,f_smooth,3.0890516039410763,3.589994407920625,2.2695771676860916,2.269577167686092,cgc,cgc,directed_weighted_adjacency,11,F3T2,fall_residual,31,cgc_motoneurons_weighted_adjacency_matrices.pkl,,24.965348844547012,2,2
False,f_smooth,motoneurons,,0.3088235294117647,272,5,f_smooth,6.772124263786719,6.833402446147245,4.607167150997718,4.607167150997718,cgc,cgc,directed_weighted_adjacency,17,F5T2,full_trace,84,cgc_motoneurons_weighted_adjacency_matrices.pkl,,78.32184156696118,2,2
False,f_smooth,motoneurons,,0.3272058823529412,272,5,f_smooth,6.821406267240809,6.752583511478107,4.9231816434373386,4.9231816434373386,cgc,cgc,directed_weighted_adjacency,17,F5T2,deconvolved,89,cgc_motoneurons_weighted_adjacency_matrices.pkl,,83.69408793843475,2,2
False,f_smooth,motoneurons,,0.30514705882352944,272,5,f_smooth,6.858769719411418,6.858769719411418,4.583004959570741,4.583004959570741,cgc,cgc,directed_weighted_adjacency,17,F5T2,rise,83,cgc_motoneurons_weighted_adjacency_matrices.pkl,,77.9110843127026,2,2
False,f_smooth,motoneurons,,0.27205882352941174,272,5,f_smooth,5.443137631860294,6.0434353197869894,3.8813066452767155,3.8813066452767155,cgc,cgc,directed_weighted_adjacency,17,F5T2,fall,74,cgc_motoneurons_weighted_adjacency_matrices.pkl,,65.98221296970416,2,2
False,f_smooth,motoneurons,,0.2647058823529412,272,5,f_smooth,5.725313855186927,5.4411316132984435,3.433819271581705,3.433819271581705,cgc,cgc,directed_weighted_adjacency,17,F5T2,fall_residual,72,cgc_motoneurons_weighted_adjacency_matrices.pkl,,58.37492761688898,2,2
False,dff,motoneurons,,0.3021978021978022,182,3,dff,4.480546009992482,4.552841655956889,3.2463056080647807,3.2463056080647807,cgc-star,fcgc,directed_weighted_adjacency,14,F3T1,full_trace,55,cgc_star_motoneurons_weighted_adjacency_matrices.pkl,,45.44827851290693,1,1
False,dff,motoneurons,,0.36813186813186816,182,3,dff,4.842496136380908,4.275254551127293,3.4043018874866364,3.4043018874866364,cgc-star,fcgc,directed_weighted_adjacency,14,F3T1,deconvolved,67,cgc_star_motoneurons_weighted_adjacency_matrices.pkl,,47.66022642481291,1,1
False,dff,motoneurons,,0.3791208791208791,182,3,dff,4.531000232712751,4.52141614179057,3.5769779464700426,3.5769779464700426,cgc-star,fcgc,directed_weighted_adjacency,14,F3T1,rise,69,cgc_star_motoneurons_weighted_adjacency_matrices.pkl,,50.077691250580614,1,1
False,dff,motoneurons,,0.4230769230769231,182,3,dff,6.904150183261003,7.400130607171314,4.506749800195201,4.506749800195201,cgc-star,fcgc,directed_weighted_adjacency,14,F3T1,fall,77,cgc_star_motoneurons_weighted_adjacency_matrices.pkl,,63.094497202732825,1,1
False,dff,motoneurons,,0.38461538461538464,182,3,dff,5.956153972087315,5.956153972087314,4.31188559292186,4.311885592921861,cgc-star,fcgc,directed_weighted_adjacency,14,F3T1,fall_residual,70,cgc_star_motoneurons_weighted_adjacency_matrices.pkl,,60.36639830090605,1,1
False,dff,motoneurons,,0.32727272727272727,110,3,dff,4.210533003768569,4.245600726731523,2.841954428733298,2.841954428733299,cgc-star,fcgc,directed_weighted_adjacency,11,F3T2,full_trace,36,cgc_star_motoneurons_weighted_adjacency_matrices.pkl,,31.261498716066285,2,2
False,dff,motoneurons,,0.3090909090909091,110,3,dff,3.4857501597519707,3.4857501597519707,2.6156940180806183,2.6156940180806183,cgc-star,fcgc,directed_weighted_adjacency,11,F3T2,deconvolved,34,cgc_star_motoneurons_weighted_adjacency_matrices.pkl,,28.772634198886802,2,2
False,dff,motoneurons,,0.36363636363636365,110,3,dff,3.8754210465701835,3.853715366748686,2.9974838589243475,2.9974838589243475,cgc-star,fcgc,directed_weighted_adjacency,11,F3T2,rise,40,cgc_star_motoneurons_weighted_adjacency_matrices.pkl,,32.97232244816782,2,2
False,dff,motoneurons,,0.4090909090909091,110,3,dff,3.709653074204556,3.7096530742045557,2.7037251604289203,2.7037251604289203,cgc-star,fcgc,directed_weighted_adjacency,11,F3T2,fall,45,cgc_star_motoneurons_weighted_adjacency_matrices.pkl,,29.74097676471812,2,2
False,dff,motoneurons,,0.45454545454545453,110,3,dff,4.054232773143286,4.054232773143286,2.957388971850369,2.957388971850369,cgc-star,fcgc,directed_weighted_adjacency,11,F3T2,fall_residual,50,cgc_star_motoneurons_weighted_adjacency_matrices.pkl,,32.53127869035406,2,2
False,dff,motoneurons,,0.41544117647058826,272,5,dff,7.7670391316467455,6.891449374884866,5.032175871341493,5.032175871341494,cgc-star,fcgc,directed_weighted_adjacency,17,F5T2,full_trace,113,cgc_star_motoneurons_weighted_adjacency_matrices.pkl,,85.54698981280538,2,2
False,dff,motoneurons,,0.3382352941176471,272,5,dff,6.791937394792626,6.711894388928945,4.827637419322801,4.827637419322801,cgc-star,fcgc,directed_weighted_adjacency,17,F5T2,deconvolved,92,cgc_star_motoneurons_weighted_adjacency_matrices.pkl,,82.06983612848761,2,2
False,dff,motoneurons,,0.3713235294117647,272,5,dff,7.128961892599864,6.727605660110798,5.1086415966102035,5.1086415966102035,cgc-star,fcgc,directed_weighted_adjacency,17,F5T2,rise,101,cgc_star_motoneurons_weighted_adjacency_matrices.pkl,,86.84690714237345,2,2
False,dff,motoneurons,,0.40441176470588236,272,5,dff,6.28134364542568,6.504805922924457,4.893998322216792,4.893998322216791,cgc-star,fcgc,directed_weighted_adjacency,17,F5T2,fall,110,cgc_star_motoneurons_weighted_adjacency_matrices.pkl,,83.19797147768546,2,2
False,dff,motoneurons,,0.3639705882352941,272,5,dff,7.063897183137675,7.063897183137675,4.79229759732498,4.79229759732498,cgc-star,fcgc,directed_weighted_adjacency,17,F5T2,fall_residual,99,cgc_star_motoneurons_weighted_adjacency_matrices.pkl,,81.46905915452466,2,2
False,f_smooth,motoneurons,,0.24725274725274726,182,3,f_smooth,4.519426023685925,4.496380516866365,2.6552984077698385,2.6552984077698385,cgc-star,fcgc,directed_weighted_adjacency,14,F3T1,full_trace,45,cgc_star_motoneurons_weighted_adjacency_matrices.pkl,,37.174177708777734,1,1
False,f_smooth,motoneurons,,0.2692307692307692,182,3,f_smooth,3.7541163012732515,3.6499137456304163,2.4925365049989083,2.4925365049989083,cgc-star,fcgc,directed_weighted_adjacency,14,F3T1,deconvolved,49,cgc_star_motoneurons_weighted_adjacency_matrices.pkl,,34.89551106998471,1,1
False,f_smooth,motoneurons,,0.26373626373626374,182,3,f_smooth,4.014461573871099,4.014461573871099,2.7904664913064248,2.790466491306425,cgc-star,fcgc,directed_weighted_adjacency,14,F3T1,rise,48,cgc_star_motoneurons_weighted_adjacency_matrices.pkl,,39.06653087828995,1,1
False,f_smooth,motoneurons,,0.2967032967032967,182,3,f_smooth,4.4071800761744235,4.4071800761744235,3.1768725522058654,3.176872552205866,cgc-star,fcgc,directed_weighted_adjacency,14,F3T1,fall,54,cgc_star_motoneurons_weighted_adjacency_matrices.pkl,,44.47621573088212,1,1
False,f_smooth,motoneurons,,0.23076923076923078,182,3,f_smooth,4.06293615742489,4.06293615742489,2.322184120631497,2.3221841206314973,cgc-star,fcgc,directed_weighted_adjacency,14,F3T1,fall_residual,42,cgc_star_motoneurons_weighted_adjacency_matrices.pkl,,32.51057768884096,1,1
False,f_smooth,motoneurons,,0.24545454545454545,110,3,f_smooth,3.488969162836166,2.9336570694043873,2.28178478948901,2.28178478948901,cgc-star,fcgc,directed_weighted_adjacency,11,F3T2,full_trace,27,cgc_star_motoneurons_weighted_adjacency_matrices.pkl,,25.099632684379113,2,2
False,f_smooth,motoneurons,,0.2545454545454545,110,3,f_smooth,3.2897467319780604,3.5300342217062606,2.304263129884918,2.304263129884918,cgc-star,fcgc,directed_weighted_adjacency,11,F3T2,deconvolved,28,cgc_star_motoneurons_weighted_adjacency_matrices.pkl,,25.3468944287341,2,2
False,f_smooth,motoneurons,,0.3090909090909091,110,3,f_smooth,3.9331759893791283,3.9331759893791287,2.766593197778404,2.766593197778404,cgc-star,fcgc,directed_weighted_adjacency,11,F3T2,rise,34,cgc_star_motoneurons_weighted_adjacency_matrices.pkl,,30.43252517556244,2,2
False,f_smooth,motoneurons,,0.2636363636363636,110,3,f_smooth,3.8065207989008605,3.8065207989008605,2.325699385946569,2.325699385946569,cgc-star,fcgc,directed_weighted_adjacency,11,F3T2,fall,29,cgc_star_motoneurons_weighted_adjacency_matrices.pkl,,25.582693245412262,2,2
False,f_smooth,motoneurons,,0.2636363636363636,110,3,f_smooth,3.589994407920625,3.589994407920625,2.1918583497479336,2.1918583497479336,cgc-star,fcgc,directed_weighted_adjacency,11,F3T2,fall_residual,29,cgc_star_motoneurons_weighted_adjacency_matrices.pkl,,24.110441847227275,2,2
False,f_smooth,motoneurons,,0.31985294117647056,272,5,f_smooth,6.777428935190878,6.772124263786719,4.779855131903615,4.779855131903615,cgc-star,fcgc,directed_weighted_adjacency,17,F5T2,full_trace,87,cgc_star_motoneurons_weighted_adjacency_matrices.pkl,,81.25753724236147,2,2
False,f_smooth,motoneurons,,0.30514705882352944,272,5,f_smooth,6.821406267240809,6.752583511478107,4.6144190065088315,4.614419006508832,cgc-star,fcgc,directed_weighted_adjacency,17,F5T2,deconvolved,83,cgc_star_motoneurons_weighted_adjacency_matrices.pkl,,78.44512311065014,2,2
False,f_smooth,motoneurons,,0.29411764705882354,272,5,f_smooth,6.755608658757078,6.858769719411418,4.409323502707824,4.409323502707824,cgc-star,fcgc,directed_weighted_adjacency,17,F5T2,rise,80,cgc_star_motoneurons_weighted_adjacency_matrices.pkl,,74.958499546033,2,2
False,f_smooth,motoneurons,,0.28308823529411764,272,5,f_smooth,6.163696875759046,6.0434353197869894,4.04497035835519,4.044970358355189,cgc-star,fcgc,directed_weighted_adjacency,17,F5T2,fall,77,cgc_star_motoneurons_weighted_adjacency_matrices.pkl,,68.76449609203823,2,2
False,f_smooth,motoneurons,,0.23897058823529413,272,5,f_smooth,5.121807608782277,5.4411316132984435,3.0955957720487306,3.0955957720487306,cgc-star,fcgc,directed_weighted_adjacency,17,F5T2,fall_residual,65,cgc_star_motoneurons_weighted_adjacency_matrices.pkl,,52.62512812482842,2,2
False,dff,motoneurons,directed predictive adjacency after OASIS preprocessing,0.12637362637362637,182,3,dff,0.6623078165742828,1.2075398415486598,0.3400846234047376,0.34008462340473755,oasis+cgc,cgc,directed_weighted_adjacency_after_oasis_preprocessing,14,F3T1,oasis_spikes,23,/Users/sadiq.adedayo/Documents/projects/others/calcium-transient-rising-flanks/outputs/validation_campaign/motorneurons_oasis/oasis_graphs/dff__f3t1__cgc__spikes.npz,,4.761184727666326,1,1
False,dff,motoneurons,directed predictive adjacency after OASIS preprocessing,0.12087912087912088,182,3,dff,0.7509175194773431,0.6956984763355833,0.28878421185239445,0.28878421185239445,oasis+cgc,cgc,directed_weighted_adjacency_after_oasis_preprocessing,14,F3T1,oasis_denoised,22,/Users/sadiq.adedayo/Documents/projects/others/calcium-transient-rising-flanks/outputs/validation_campaign/motorneurons_oasis/oasis_graphs/dff__f3t1__cgc__denoised.npz,,4.042978965933522,1,1
False,dff,motoneurons,directed predictive adjacency after OASIS preprocessing,0.1043956043956044,182,3,dff,0.49773742954225353,0.72100021972284,0.24683271828907596,0.24683271828907594,oasis+cgc-star,cgc-star,directed_weighted_adjacency_after_oasis_preprocessing,14,F3T1,oasis_spikes,19,/Users/sadiq.adedayo/Documents/projects/others/calcium-transient-rising-flanks/outputs/validation_campaign/motorneurons_oasis/oasis_graphs/dff__f3t1__cgc-star__spikes.npz,,3.455658056047063,1,1
False,dff,motoneurons,directed predictive adjacency after OASIS preprocessing,0.14835164835164835,182,3,dff,0.8156320624675492,0.9563425618461413,0.4699979299493127,0.4699979299493129,oasis+cgc-star,cgc-star,directed_weighted_adjacency_after_oasis_preprocessing,14,F3T1,oasis_denoised,27,/Users/sadiq.adedayo/Documents/projects/others/calcium-transient-rising-flanks/outputs/validation_campaign/motorneurons_oasis/oasis_graphs/dff__f3t1__cgc-star__denoised.npz,,6.5799710192903795,1,1
False,dff,motoneurons,directed predictive adjacency after OASIS preprocessing,0.17272727272727273,110,3,dff,0.7904057806736537,1.0323824568369093,0.3022689710367153,0.3022689710367153,oasis+cgc,cgc,directed_weighted_adjacency_after_oasis_preprocessing,11,F3T2,oasis_spikes,19,/Users/sadiq.adedayo/Documents/projects/others/calcium-transient-rising-flanks/outputs/validation_campaign/motorneurons_oasis/oasis_graphs/dff__f3t2__cgc__spikes.npz,,3.324958681403868,2,2
False,dff,motoneurons,directed predictive adjacency after OASIS preprocessing,0.20909090909090908,110,3,dff,0.7885172324540257,0.9659334034455079,0.328709829259102,0.3287098292591021,oasis+cgc,cgc,directed_weighted_adjacency_after_oasis_preprocessing,11,F3T2,oasis_denoised,23,/Users/sadiq.adedayo/Documents/projects/others/calcium-transient-rising-flanks/outputs/validation_campaign/motorneurons_oasis/oasis_graphs/dff__f3t2__cgc__denoised.npz,,3.6158081218501223,2,2
False,dff,motoneurons,directed predictive adjacency after OASIS preprocessing,0.23636363636363636,110,3,dff,0.7484218972782157,0.702153316344956,0.42253110637226815,0.42253110637226815,oasis+cgc-star,cgc-star,directed_weighted_adjacency_after_oasis_preprocessing,11,F3T2,oasis_spikes,26,/Users/sadiq.adedayo/Documents/projects/others/calcium-transient-rising-flanks/outputs/validation_campaign/motorneurons_oasis/oasis_graphs/dff__f3t2__cgc-star__spikes.npz,,4.647842170094949,2,2
False,dff,motoneurons,directed predictive adjacency after OASIS preprocessing,0.2818181818181818,110,3,dff,1.3336117121631825,1.1308191917509973,0.7658074874389467,0.7658074874389467,oasis+cgc-star,cgc-star,directed_weighted_adjacency_after_oasis_preprocessing,11,F3T2,oasis_denoised,31,/Users/sadiq.adedayo/Documents/projects/others/calcium-transient-rising-flanks/outputs/validation_campaign/motorneurons_oasis/oasis_graphs/dff__f3t2__cgc-star__denoised.npz,,8.423882361828412,2,2
False,dff,motoneurons,directed predictive adjacency after OASIS preprocessing,0.21691176470588236,272,5,dff,1.145906084345534,1.4129387174197408,0.505926645345776,0.5059266453457759,oasis+cgc,cgc,directed_weighted_adjacency_after_oasis_preprocessing,17,F5T2,oasis_spikes,59,/Users/sadiq.adedayo/Documents/projects/others/calcium-transient-rising-flanks/outputs/validation_campaign/motorneurons_oasis/oasis_graphs/dff__f5t2__cgc__spikes.npz,,8.600752970878192,2,2
False,dff,motoneurons,directed predictive adjacency after OASIS preprocessing,0.25,272,5,dff,1.1720395127948056,1.6129794677228448,0.5690310242833768,0.5690310242833769,oasis+cgc,cgc,directed_weighted_adjacency_after_oasis_preprocessing,17,F5T2,oasis_denoised,68,/Users/sadiq.adedayo/Documents/projects/others/calcium-transient-rising-flanks/outputs/validation_campaign/motorneurons_oasis/oasis_graphs/dff__f5t2__cgc__denoised.npz,,9.673527412817407,2,2
False,dff,motoneurons,directed predictive adjacency after OASIS preprocessing,0.21323529411764705,272,5,dff,1.2732215219693874,1.298104135465615,0.516479890656619,0.5164798906566191,oasis+cgc-star,cgc-star,directed_weighted_adjacency_after_oasis_preprocessing,17,F5T2,oasis_spikes,58,/Users/sadiq.adedayo/Documents/projects/others/calcium-transient-rising-flanks/outputs/validation_campaign/motorneurons_oasis/oasis_graphs/dff__f5t2__cgc-star__spikes.npz,,8.780158141162524,2,2
False,dff,motoneurons,directed predictive adjacency after OASIS preprocessing,0.3125,272,5,dff,1.3619330797632816,1.8292619384600848,0.9317028204368323,0.9317028204368321,oasis+cgc-star,cgc-star,directed_weighted_adjacency_after_oasis_preprocessing,17,F5T2,oasis_denoised,85,/Users/sadiq.adedayo/Documents/projects/others/calcium-transient-rising-flanks/outputs/validation_campaign/motorneurons_oasis/oasis_graphs/dff__f5t2__cgc-star__denoised.npz,,15.83894794742615,2,2
False,f_smooth,motoneurons,directed predictive adjacency after OASIS preprocessing,0.14285714285714285,182,3,f_smooth,0.7403223642132701,1.1225006760712164,0.37088931788504237,0.37088931788504237,oasis+cgc,cgc,directed_weighted_adjacency_after_oasis_preprocessing,14,F3T1,oasis_spikes,26,/Users/sadiq.adedayo/Documents/projects/others/calcium-transient-rising-flanks/outputs/validation_campaign/motorneurons_oasis/oasis_graphs/f-smooth__f3t1__cgc__spikes.npz,,5.192450450390593,1,1
False,f_smooth,motoneurons,directed predictive adjacency after OASIS preprocessing,0.12087912087912088,182,3,f_smooth,0.5814669078014723,0.7522330008708283,0.2762909556682253,0.27629095566822526,oasis+cgc,cgc,directed_weighted_adjacency_after_oasis_preprocessing,14,F3T1,oasis_denoised,22,/Users/sadiq.adedayo/Documents/projects/others/calcium-transient-rising-flanks/outputs/validation_campaign/motorneurons_oasis/oasis_graphs/f-smooth__f3t1__cgc__denoised.npz,,3.8680733793551543,1,1
False,f_smooth,motoneurons,directed predictive adjacency after OASIS preprocessing,0.08791208791208792,182,3,f_smooth,0.61831422084816,0.6325877166459065,0.2363618495717649,0.23636184957176484,oasis+cgc-star,cgc-star,directed_weighted_adjacency_after_oasis_preprocessing,14,F3T1,oasis_spikes,16,/Users/sadiq.adedayo/Documents/projects/others/calcium-transient-rising-flanks/outputs/validation_campaign/motorneurons_oasis/oasis_graphs/f-smooth__f3t1__cgc-star__spikes.npz,,3.3090658940047084,1,1
False,f_smooth,motoneurons,directed predictive adjacency after OASIS preprocessing,0.13736263736263737,182,3,f_smooth,0.8924080998422349,1.004625910715834,0.4489066315997063,0.4489066315997063,oasis+cgc-star,cgc-star,directed_weighted_adjacency_after_oasis_preprocessing,14,F3T1,oasis_denoised,25,/Users/sadiq.adedayo/Documents/projects/others/calcium-transient-rising-flanks/outputs/validation_campaign/motorneurons_oasis/oasis_graphs/f-smooth__f3t1__cgc-star__denoised.npz,,6.284692842395888,1,1
False,f_smooth,motoneurons,directed predictive adjacency after OASIS preprocessing,0.19090909090909092,110,3,f_smooth,0.9129318108987013,1.031332300225398,0.3318204102505512,0.3318204102505512,oasis+cgc,cgc,directed_weighted_adjacency_after_oasis_preprocessing,11,F3T2,oasis_spikes,21,/Users/sadiq.adedayo/Documents/projects/others/calcium-transient-rising-flanks/outputs/validation_campaign/motorneurons_oasis/oasis_graphs/f-smooth__f3t2__cgc__spikes.npz,,3.6500245127560635,2,2
False,f_smooth,motoneurons,directed predictive adjacency after OASIS preprocessing,0.18181818181818182,110,3,f_smooth,0.9877985438363606,1.0922302247593092,0.3362252836137199,0.33622528361371995,oasis+cgc,cgc,directed_weighted_adjacency_after_oasis_preprocessing,11,F3T2,oasis_denoised,20,/Users/sadiq.adedayo/Documents/projects/others/calcium-transient-rising-flanks/outputs/validation_campaign/motorneurons_oasis/oasis_graphs/f-smooth__f3t2__cgc__denoised.npz,,3.6984781197509196,2,2
False,f_smooth,motoneurons,directed predictive adjacency after OASIS preprocessing,0.18181818181818182,110,3,f_smooth,0.8314820642991785,0.6778556378513972,0.4135634815070847,0.4135634815070848,oasis+cgc-star,cgc-star,directed_weighted_adjacency_after_oasis_preprocessing,11,F3T2,oasis_spikes,20,/Users/sadiq.adedayo/Documents/projects/others/calcium-transient-rising-flanks/outputs/validation_campaign/motorneurons_oasis/oasis_graphs/f-smooth__f3t2__cgc-star__spikes.npz,,4.549198296577932,2,2
False,f_smooth,motoneurons,directed predictive adjacency after OASIS preprocessing,0.2909090909090909,110,3,f_smooth,1.3988540671254044,1.1623088739137082,0.8060381168770347,0.8060381168770347,oasis+cgc-star,cgc-star,directed_weighted_adjacency_after_oasis_preprocessing,11,F3T2,oasis_denoised,32,/Users/sadiq.adedayo/Documents/projects/others/calcium-transient-rising-flanks/outputs/validation_campaign/motorneurons_oasis/oasis_graphs/f-smooth__f3t2__cgc-star__denoised.npz,,8.866419285647384,2,2
False,f_smooth,motoneurons,directed predictive adjacency after OASIS preprocessing,0.20955882352941177,272,5,f_smooth,1.0672901477296994,1.7419442339235987,0.5255731058660106,0.5255731058660107,oasis+cgc,cgc,directed_weighted_adjacency_after_oasis_preprocessing,17,F5T2,oasis_spikes,57,/Users/sadiq.adedayo/Documents/projects/others/calcium-transient-rising-flanks/outputs/validation_campaign/motorneurons_oasis/oasis_graphs/f-smooth__f5t2__cgc__spikes.npz,,8.934742799722182,2,2
False,f_smooth,motoneurons,directed predictive adjacency after OASIS preprocessing,0.26838235294117646,272,5,f_smooth,1.109467959921321,1.697901167509851,0.6400390838264072,0.6400390838264071,oasis+cgc,cgc,directed_weighted_adjacency_after_oasis_preprocessing,17,F5T2,oasis_denoised,73,/Users/sadiq.adedayo/Documents/projects/others/calcium-transient-rising-flanks/outputs/validation_campaign/motorneurons_oasis/oasis_graphs/f-smooth__f5t2__cgc__denoised.npz,,10.88066442504892,2,2
False,f_smooth,motoneurons,directed predictive adjacency after OASIS preprocessing,0.24632352941176472,272,5,f_smooth,1.2184483948010174,1.601231974977059,0.6499960239000904,0.6499960239000905,oasis+cgc-star,cgc-star,directed_weighted_adjacency_after_oasis_preprocessing,17,F5T2,oasis_spikes,67,/Users/sadiq.adedayo/Documents/projects/others/calcium-transient-rising-flanks/outputs/validation_campaign/motorneurons_oasis/oasis_graphs/f-smooth__f5t2__cgc-star__spikes.npz,,11.049932406301537,2,2
False,f_smooth,motoneurons,directed predictive adjacency after OASIS preprocessing,0.3492647058823529,272,5,f_smooth,1.7927516804627244,1.7578763135875026,1.0509323802361215,1.0509323802361217,oasis+cgc-star,cgc-star,directed_weighted_adjacency_after_oasis_preprocessing,17,F5T2,oasis_denoised,95,/Users/sadiq.adedayo/Documents/projects/others/calcium-transient-rising-flanks/outputs/validation_campaign/motorneurons_oasis/oasis_graphs/f-smooth__f5t2__cgc-star__denoised.npz,,17.865850464014066,2,2
