binary,case,dataset,edge_density_mean,edge_density_std,fluo_type,mean_pairwise_jaccard,mean_pairwise_weighted_jaccard,method,n_graphs,n_shape_compatible_pairs,n_shape_groups,representation,retained_edges_cv,retained_edges_mean,subset,total_weight_cv,total_weight_mean
False,dff,motoneurons,0.3598049009813716,0.027522681256722057,dff,,,cgc,3,0,3,deconvolved,0.4355027322047308,68.0,,0.5051332570276611,55.41211048924092
False,dff,motoneurons,0.4085035062976239,0.008878719566495132,dff,,,cgc,3,0,3,fall,0.4135119860667283,76.33333333333333,,0.464264791978732,58.24629242943007
False,dff,motoneurons,0.4016632876926995,0.04596294533538432,dff,,,cgc,3,0,3,fall_residual,0.3514726985858783,73.33333333333333,,0.4345454156659031,58.562660417929884
False,dff,motoneurons,0.3537582515523692,0.04113718011259756,dff,,,cgc,3,0,3,full_trace,0.5399451356886522,68.33333333333333,,0.4856987906532713,54.57876794539814
False,dff,motoneurons,0.37444393841452667,0.018156073796537928,dff,,,cgc,3,0,3,rise,0.4507042253521127,71.0,,0.49879156349054177,56.97576769077799
False,f_smooth,motoneurons,0.30127641965877255,0.022605293118188142,f_smooth,,,cgc,3,0,3,deconvolved,0.5014929763409011,57.666666666666664,,0.6028859274242776,49.59133416267654
False,f_smooth,motoneurons,0.2714055552290846,0.025630620276209763,f_smooth,,,cgc,3,0,3,fall,0.45651715020218037,51.666666666666664,,0.4648094669493594,44.93996253795145
False,f_smooth,motoneurons,0.26459227047462336,0.017282997350532268,f_smooth,,,cgc,3,0,3,fall_residual,0.4224459197929888,49.333333333333336,,0.4399745177564863,39.19652382772034
False,f_smooth,motoneurons,0.28056355409296585,0.02463318893795564,f_smooth,,,cgc,3,0,3,full_trace,0.515533737299076,54.0,,0.5601768818728456,48.22939357215294
False,f_smooth,motoneurons,0.3121052966641202,0.03047191270404759,f_smooth,,,cgc,3,0,3,rise,0.39934625316568495,57.666666666666664,,0.4768323666074786,50.56733737160792
False,dff,motoneurons,0.3384860237801415,0.029521278091264827,dff,,,cgc-star,3,0,3,deconvolved,0.4522042802830801,64.33333333333333,,0.5114617398159027,52.83423225072911
False,dff,motoneurons,0.41219319895790485,0.009711600592495354,dff,,,cgc-star,3,0,3,fall,0.4202751986120178,77.33333333333333,,0.46015336488881575,58.677815148378805
False,dff,motoneurons,0.40104380913204446,0.047469689812032166,dff,,,cgc-star,3,0,3,fall_residual,0.3374982190343814,73.0,,0.4223159612000699,58.12224538192826
False,dff,motoneurons,0.3483039019803726,0.059478972640414705,dff,,,cgc-star,3,0,3,full_trace,0.5898873858862229,68.0,,0.5205562397353087,54.0855890139262
False,dff,motoneurons,0.3713602573896691,0.007742323078754882,dff,,,cgc-star,3,0,3,rise,0.4358898943540674,70.0,,0.48609874212229087,56.63230694704063
False,f_smooth,motoneurons,0.27630776086658443,0.026032545915426152,f_smooth,,,cgc-star,3,0,3,deconvolved,0.5204039897041528,53.333333333333336,,0.6122838588876625,46.22917620312298
False,f_smooth,motoneurons,0.281142631877926,0.016619101813969393,f_smooth,,,cgc-star,3,0,3,fall,0.4501301895007709,53.333333333333336,,0.46779560806501946,46.274468356110866
False,f_smooth,motoneurons,0.24445872754696285,0.017107070484295477,f_smooth,,,cgc-star,3,0,3,fall_residual,0.40213261511397985,45.333333333333336,,0.4023821340134312,36.41538255363222
False,f_smooth,motoneurons,0.2708534112945878,0.04244436156795044,f_smooth,,,cgc-star,3,0,3,full_trace,0.5809360120128548,53.0,,0.6178491854900992,47.84378254517278
False,f_smooth,motoneurons,0.28898160662866546,0.02310941685301853,f_smooth,,,cgc-star,3,0,3,rise,0.43666022676117017,54.0,,0.49037195048350135,48.15251853329513
False,dff,motoneurons,0.1933233433233433,0.06598872974920075,dff,,,oasis+cgc,3,0,3,oasis_denoised,0.6975450052721612,37.666666666666664,,0.5851842140326711,5.777438166867017
False,dff,motoneurons,0.17200422126892714,0.045273399758867704,dff,,,oasis+cgc,3,0,3,oasis_spikes,0.654364817499339,33.666666666666664,,0.4903740263561554,5.5622987933161285
False,f_smooth,motoneurons,0.1903598852128264,0.07412166612974723,f_smooth,,,oasis+cgc,3,0,3,oasis_denoised,0.7836225317151875,38.333333333333336,,0.6665325416570054,6.149071974718332
False,f_smooth,motoneurons,0.18110835243188184,0.034413942046070775,f_smooth,,,oasis+cgc,3,0,3,oasis_spikes,0.5625616337042336,34.666666666666664,,0.4586093359122784,5.925739254289613
False,dff,motoneurons,0.24755661005661003,0.08727291568349096,dff,,,oasis+cgc-star,3,0,3,oasis_denoised,0.6795821322101451,47.666666666666664,,0.47669618416912235,10.280933776181646
False,dff,motoneurons,0.1846648449589626,0.07047051361545201,dff,,,oasis+cgc-star,3,0,3,oasis_spikes,0.6056104921844929,34.333333333333336,,0.4965042036416994,5.627886122434845
False,f_smooth,motoneurons,0.25917881138469373,0.10945651940271003,f_smooth,,,oasis+cgc-star,3,0,3,oasis_denoised,0.7609143519276852,50.666666666666664,,0.5524182554921051,11.005654197352447
False,f_smooth,motoneurons,0.1720179330473448,0.07965914797736103,f_smooth,,,oasis+cgc-star,3,0,3,oasis_spikes,0.8260418746177004,34.333333333333336,,0.659665248943351,6.302732198961391
