binary,case,dataset,edge_intersection,edge_union,fish,fluo_type,jaccard,method,overlap_fraction_source,overlap_fraction_target,recording,source_edges,source_representation,subset,target_edges,target_representation,trace,trial,weighted_jaccard
False,dff,motoneurons,54,91,3,dff,0.5934065934065934,cgc,0.7605633802816901,0.7297297297297297,F3T1,71,deconvolved,,74,fall,1,1,0.5548376366759321
False,dff,motoneurons,48,92,3,dff,0.5217391304347826,cgc,0.676056338028169,0.6956521739130435,F3T1,71,deconvolved,,69,fall_residual,1,1,0.5017646536170018
False,dff,motoneurons,49,81,3,dff,0.6049382716049383,cgc,0.6901408450704225,0.8305084745762712,F3T1,71,deconvolved,,59,full_trace,1,1,0.6251728789724347
False,dff,motoneurons,55,87,3,dff,0.632183908045977,cgc,0.7746478873239436,0.7746478873239436,F3T1,71,deconvolved,,71,rise,1,1,0.6485691104657398
False,dff,motoneurons,56,87,3,dff,0.6436781609195402,cgc,0.7567567567567568,0.8115942028985508,F3T1,74,fall,,69,fall_residual,1,1,0.6673633985231443
False,dff,motoneurons,49,84,3,dff,0.5833333333333334,cgc,0.6621621621621622,0.8305084745762712,F3T1,74,fall,,59,full_trace,1,1,0.6003638223413876
False,dff,motoneurons,53,92,3,dff,0.5760869565217391,cgc,0.7162162162162162,0.7464788732394366,F3T1,74,fall,,71,rise,1,1,0.572934255274515
False,dff,motoneurons,43,85,3,dff,0.5058823529411764,cgc,0.6231884057971014,0.7288135593220338,F3T1,69,fall_residual,,59,full_trace,1,1,0.5161207496221697
False,dff,motoneurons,47,93,3,dff,0.5053763440860215,cgc,0.6811594202898551,0.6619718309859155,F3T1,69,fall_residual,,71,rise,1,1,0.48717602340416916
False,dff,motoneurons,49,81,3,dff,0.6049382716049383,cgc,0.8305084745762712,0.6901408450704225,F3T1,59,full_trace,,71,rise,1,1,0.6576242860745269
False,dff,motoneurons,26,57,3,dff,0.45614035087719296,cgc,0.7027027027027027,0.5652173913043478,F3T2,37,deconvolved,,46,fall,2,2,0.5092946377517394
False,dff,motoneurons,26,61,3,dff,0.4262295081967213,cgc,0.7027027027027027,0.52,F3T2,37,deconvolved,,50,fall_residual,2,2,0.44113975395644167
False,dff,motoneurons,31,43,3,dff,0.7209302325581395,cgc,0.8378378378378378,0.8378378378378378,F3T2,37,deconvolved,,37,full_trace,2,2,0.7081147109793118
False,dff,motoneurons,31,45,3,dff,0.6888888888888889,cgc,0.8378378378378378,0.7948717948717948,F3T2,37,deconvolved,,39,rise,2,2,0.7063157511110172
False,dff,motoneurons,43,53,3,dff,0.8113207547169812,cgc,0.9347826086956522,0.86,F3T2,46,fall,,50,fall_residual,2,2,0.7712940160096396
False,dff,motoneurons,29,54,3,dff,0.5370370370370371,cgc,0.6304347826086957,0.7837837837837838,F3T2,46,fall,,37,full_trace,2,2,0.5681398127989838
False,dff,motoneurons,28,57,3,dff,0.49122807017543857,cgc,0.6086956521739131,0.717948717948718,F3T2,46,fall,,39,rise,2,2,0.539512129075678
False,dff,motoneurons,29,58,3,dff,0.5,cgc,0.58,0.7837837837837838,F3T2,50,fall_residual,,37,full_trace,2,2,0.5068112335349093
False,dff,motoneurons,27,62,3,dff,0.43548387096774194,cgc,0.54,0.6923076923076923,F3T2,50,fall_residual,,39,rise,2,2,0.45496974769523657
False,dff,motoneurons,33,43,3,dff,0.7674418604651163,cgc,0.8918918918918919,0.8461538461538461,F3T2,37,full_trace,,39,rise,2,2,0.695943382596195
False,dff,motoneurons,68,137,5,dff,0.49635036496350365,cgc,0.7083333333333334,0.6238532110091743,F5T2,96,deconvolved,,109,fall,2,2,0.509121545565658
False,dff,motoneurons,60,137,5,dff,0.43795620437956206,cgc,0.625,0.594059405940594,F5T2,96,deconvolved,,101,fall_residual,2,2,0.42773994270525645
False,dff,motoneurons,69,136,5,dff,0.5073529411764706,cgc,0.71875,0.6330275229357798,F5T2,96,deconvolved,,109,full_trace,2,2,0.5901668859527723
False,dff,motoneurons,83,116,5,dff,0.7155172413793104,cgc,0.8645833333333334,0.8058252427184466,F5T2,96,deconvolved,,103,rise,2,2,0.7272226916465141
False,dff,motoneurons,84,126,5,dff,0.6666666666666666,cgc,0.7706422018348624,0.8316831683168316,F5T2,109,fall,,101,fall_residual,2,2,0.6990179556432148
False,dff,motoneurons,70,148,5,dff,0.47297297297297297,cgc,0.6422018348623854,0.6422018348623854,F5T2,109,fall,,109,full_trace,2,2,0.4860094425941317
False,dff,motoneurons,70,142,5,dff,0.49295774647887325,cgc,0.6422018348623854,0.6796116504854369,F5T2,109,fall,,103,rise,2,2,0.4999571028915864
False,dff,motoneurons,68,142,5,dff,0.4788732394366197,cgc,0.6732673267326733,0.6238532110091743,F5T2,101,fall_residual,,109,full_trace,2,2,0.4806814302870028
False,dff,motoneurons,63,141,5,dff,0.44680851063829785,cgc,0.6237623762376238,0.6116504854368932,F5T2,101,fall_residual,,103,rise,2,2,0.4500112414915276
False,dff,motoneurons,77,135,5,dff,0.5703703703703704,cgc,0.7064220183486238,0.7475728155339806,F5T2,109,full_trace,,103,rise,2,2,0.6409930881443809
False,f_smooth,motoneurons,42,64,3,f_smooth,0.65625,cgc,0.8076923076923077,0.7777777777777778,F3T1,52,deconvolved,,54,fall,1,1,0.6632448246497099
False,f_smooth,motoneurons,36,61,3,f_smooth,0.5901639344262295,cgc,0.6923076923076923,0.8,F3T1,52,deconvolved,,45,fall_residual,1,1,0.6296150315879798
False,f_smooth,motoneurons,40,61,3,f_smooth,0.6557377049180327,cgc,0.7692307692307693,0.8163265306122449,F3T1,52,deconvolved,,49,full_trace,1,1,0.6543182533150199
False,f_smooth,motoneurons,42,62,3,f_smooth,0.6774193548387096,cgc,0.8076923076923077,0.8076923076923077,F3T1,52,deconvolved,,52,rise,1,1,0.6503564626886631
False,f_smooth,motoneurons,36,63,3,f_smooth,0.5714285714285714,cgc,0.6666666666666666,0.8,F3T1,54,fall,,45,fall_residual,1,1,0.5973452123974722
False,f_smooth,motoneurons,41,62,3,f_smooth,0.6612903225806451,cgc,0.7592592592592593,0.8367346938775511,F3T1,54,fall,,49,full_trace,1,1,0.6956366021786278
False,f_smooth,motoneurons,41,65,3,f_smooth,0.6307692307692307,cgc,0.7592592592592593,0.7884615384615384,F3T1,54,fall,,52,rise,1,1,0.6682874700413435
False,f_smooth,motoneurons,36,58,3,f_smooth,0.6206896551724138,cgc,0.8,0.7346938775510204,F3T1,45,fall_residual,,49,full_trace,1,1,0.6378816578451005
False,f_smooth,motoneurons,35,62,3,f_smooth,0.5645161290322581,cgc,0.7777777777777778,0.6730769230769231,F3T1,45,fall_residual,,52,rise,1,1,0.6024469421553633
False,f_smooth,motoneurons,44,57,3,f_smooth,0.7719298245614035,cgc,0.8979591836734694,0.8461538461538461,F3T1,49,full_trace,,52,rise,1,1,0.781209882462309
False,f_smooth,motoneurons,23,36,3,f_smooth,0.6388888888888888,cgc,0.71875,0.8518518518518519,F3T2,32,deconvolved,,27,fall,2,2,0.6661740928170272
False,f_smooth,motoneurons,24,39,3,f_smooth,0.6153846153846154,cgc,0.75,0.7741935483870968,F3T2,32,deconvolved,,31,fall_residual,2,2,0.5905120444487155
False,f_smooth,motoneurons,29,32,3,f_smooth,0.90625,cgc,0.90625,1.0,F3T2,32,deconvolved,,29,full_trace,2,2,0.8809517174909116
False,f_smooth,motoneurons,31,39,3,f_smooth,0.7948717948717948,cgc,0.96875,0.8157894736842105,F3T2,32,deconvolved,,38,rise,2,2,0.7929418771561442
False,f_smooth,motoneurons,22,36,3,f_smooth,0.6111111111111112,cgc,0.8148148148148148,0.7096774193548387,F3T2,27,fall,,31,fall_residual,2,2,0.615517905155158
False,f_smooth,motoneurons,22,34,3,f_smooth,0.6470588235294118,cgc,0.8148148148148148,0.7586206896551724,F3T2,27,fall,,29,full_trace,2,2,0.6544444780163419
False,f_smooth,motoneurons,24,41,3,f_smooth,0.5853658536585366,cgc,0.8888888888888888,0.631578947368421,F3T2,27,fall,,38,rise,2,2,0.6194356073046532
False,f_smooth,motoneurons,22,38,3,f_smooth,0.5789473684210527,cgc,0.7096774193548387,0.7586206896551724,F3T2,31,fall_residual,,29,full_trace,2,2,0.5376091221545781
False,f_smooth,motoneurons,26,43,3,f_smooth,0.6046511627906976,cgc,0.8387096774193549,0.6842105263157895,F3T2,31,fall_residual,,38,rise,2,2,0.5996767247744402
False,f_smooth,motoneurons,29,38,3,f_smooth,0.7631578947368421,cgc,1.0,0.7631578947368421,F3T2,29,full_trace,,38,rise,2,2,0.7512199607760498
False,f_smooth,motoneurons,57,106,5,f_smooth,0.5377358490566038,cgc,0.6404494382022472,0.7702702702702703,F5T2,89,deconvolved,,74,fall,2,2,0.5442844885323269
False,f_smooth,motoneurons,55,106,5,f_smooth,0.5188679245283019,cgc,0.6179775280898876,0.7638888888888888,F5T2,89,deconvolved,,72,fall_residual,2,2,0.49280219536888636
False,f_smooth,motoneurons,69,104,5,f_smooth,0.6634615384615384,cgc,0.7752808988764045,0.8214285714285714,F5T2,89,deconvolved,,84,full_trace,2,2,0.6650550817438516
False,f_smooth,motoneurons,70,102,5,f_smooth,0.6862745098039216,cgc,0.7865168539325843,0.8433734939759037,F5T2,89,deconvolved,,83,rise,2,2,0.686988955982279
False,f_smooth,motoneurons,46,100,5,f_smooth,0.46,cgc,0.6216216216216216,0.6388888888888888,F5T2,74,fall,,72,fall_residual,2,2,0.46995012889159776
False,f_smooth,motoneurons,57,101,5,f_smooth,0.5643564356435643,cgc,0.7702702702702703,0.6785714285714286,F5T2,74,fall,,84,full_trace,2,2,0.5609805245348083
False,f_smooth,motoneurons,58,99,5,f_smooth,0.5858585858585859,cgc,0.7837837837837838,0.6987951807228916,F5T2,74,fall,,83,rise,2,2,0.5799237589313797
False,f_smooth,motoneurons,56,100,5,f_smooth,0.56,cgc,0.7777777777777778,0.6666666666666666,F5T2,72,fall_residual,,84,full_trace,2,2,0.5294057172286973
False,f_smooth,motoneurons,54,101,5,f_smooth,0.5346534653465347,cgc,0.75,0.6506024096385542,F5T2,72,fall_residual,,83,rise,2,2,0.49506040152806224
False,f_smooth,motoneurons,72,95,5,f_smooth,0.7578947368421053,cgc,0.8571428571428571,0.8674698795180723,F5T2,84,full_trace,,83,rise,2,2,0.7500989832333114
False,dff,motoneurons,52,92,3,dff,0.5652173913043478,cgc-star,0.7761194029850746,0.6753246753246753,F3T1,67,deconvolved,,77,fall,1,1,0.5336729185752342
False,dff,motoneurons,47,90,3,dff,0.5222222222222223,cgc-star,0.7014925373134329,0.6714285714285714,F3T1,67,deconvolved,,70,fall_residual,1,1,0.501036030922214
False,dff,motoneurons,46,76,3,dff,0.6052631578947368,cgc-star,0.6865671641791045,0.8363636363636363,F3T1,67,deconvolved,,55,full_trace,1,1,0.6462523414259559
False,dff,motoneurons,51,85,3,dff,0.6,cgc-star,0.7611940298507462,0.7391304347826086,F3T1,67,deconvolved,,69,rise,1,1,0.6307498909410986
False,dff,motoneurons,57,90,3,dff,0.6333333333333333,cgc-star,0.7402597402597403,0.8142857142857143,F3T1,77,fall,,70,fall_residual,1,1,0.6575527110844216
False,dff,motoneurons,49,83,3,dff,0.5903614457831325,cgc-star,0.6363636363636364,0.8909090909090909,F3T1,77,fall,,55,full_trace,1,1,0.6017059503846984
False,dff,motoneurons,55,91,3,dff,0.6043956043956044,cgc-star,0.7142857142857143,0.7971014492753623,F3T1,77,fall,,69,rise,1,1,0.5854270564369161
False,dff,motoneurons,42,83,3,dff,0.5060240963855421,cgc-star,0.6,0.7636363636363637,F3T1,70,fall_residual,,55,full_trace,1,1,0.5117914203333183
False,dff,motoneurons,46,93,3,dff,0.4946236559139785,cgc-star,0.6571428571428571,0.6666666666666666,F3T1,70,fall_residual,,69,rise,1,1,0.4877348552230346
False,dff,motoneurons,48,76,3,dff,0.631578947368421,cgc-star,0.8727272727272727,0.6956521739130435,F3T1,55,full_trace,,69,rise,1,1,0.6899439482768943
False,dff,motoneurons,25,54,3,dff,0.46296296296296297,cgc-star,0.7352941176470589,0.5555555555555556,F3T2,34,deconvolved,,45,fall,2,2,0.5021565283917414
False,dff,motoneurons,24,60,3,dff,0.4,cgc-star,0.7058823529411765,0.48,F3T2,34,deconvolved,,50,fall_residual,2,2,0.4184783080189528
False,dff,motoneurons,29,41,3,dff,0.7073170731707317,cgc-star,0.8529411764705882,0.8055555555555556,F3T2,34,deconvolved,,36,full_trace,2,2,0.6886769344625061
False,dff,motoneurons,33,41,3,dff,0.8048780487804879,cgc-star,0.9705882352941176,0.825,F3T2,34,deconvolved,,40,rise,2,2,0.8176036519944214
False,dff,motoneurons,43,52,3,dff,0.8269230769230769,cgc-star,0.9555555555555556,0.86,F3T2,45,fall,,50,fall_residual,2,2,0.7793423764502041
False,dff,motoneurons,30,51,3,dff,0.5882352941176471,cgc-star,0.6666666666666666,0.8333333333333334,F3T2,45,fall,,36,full_trace,2,2,0.6173047283191527
False,dff,motoneurons,29,56,3,dff,0.5178571428571429,cgc-star,0.6444444444444445,0.725,F3T2,45,fall,,40,rise,2,2,0.5539084168233371
False,dff,motoneurons,29,57,3,dff,0.5087719298245614,cgc-star,0.58,0.8055555555555556,F3T2,50,fall_residual,,36,full_trace,2,2,0.5239921836524297
False,dff,motoneurons,28,62,3,dff,0.45161290322580644,cgc-star,0.56,0.7,F3T2,50,fall_residual,,40,rise,2,2,0.4625152061883798
False,dff,motoneurons,34,42,3,dff,0.8095238095238095,cgc-star,0.9444444444444444,0.85,F3T2,36,full_trace,,40,rise,2,2,0.7306660359130435
False,dff,motoneurons,62,140,5,dff,0.44285714285714284,cgc-star,0.6739130434782609,0.5636363636363636,F5T2,92,deconvolved,,110,fall,2,2,0.4592004732193237
False,dff,motoneurons,56,135,5,dff,0.4148148148148148,cgc-star,0.6086956521739131,0.5656565656565656,F5T2,92,deconvolved,,99,fall_residual,2,2,0.4054665854589276
False,dff,motoneurons,66,139,5,dff,0.4748201438848921,cgc-star,0.717391304347826,0.584070796460177,F5T2,92,deconvolved,,113,full_trace,2,2,0.5590269079682009
False,dff,motoneurons,79,114,5,dff,0.6929824561403509,cgc-star,0.8586956521739131,0.7821782178217822,F5T2,92,deconvolved,,101,rise,2,2,0.698960137387275
False,dff,motoneurons,82,127,5,dff,0.6456692913385826,cgc-star,0.7454545454545455,0.8282828282828283,F5T2,110,fall,,99,fall_residual,2,2,0.68663299564392
False,dff,motoneurons,73,150,5,dff,0.4866666666666667,cgc-star,0.6636363636363637,0.6460176991150443,F5T2,110,fall,,113,full_trace,2,2,0.4947306784702482
False,dff,motoneurons,67,144,5,dff,0.4652777777777778,cgc-star,0.6090909090909091,0.6633663366336634,F5T2,110,fall,,101,rise,2,2,0.47009195456253894
False,dff,motoneurons,72,140,5,dff,0.5142857142857142,cgc-star,0.7272727272727273,0.6371681415929203,F5T2,99,fall_residual,,113,full_trace,2,2,0.5128959783347043
False,dff,motoneurons,62,138,5,dff,0.4492753623188406,cgc-star,0.6262626262626263,0.6138613861386139,F5T2,99,fall_residual,,101,rise,2,2,0.4519265706525578
False,dff,motoneurons,73,141,5,dff,0.5177304964539007,cgc-star,0.6460176991150443,0.7227722772277227,F5T2,113,full_trace,,101,rise,2,2,0.5998307179507096
False,f_smooth,motoneurons,39,64,3,f_smooth,0.609375,cgc-star,0.7959183673469388,0.7222222222222222,F3T1,49,deconvolved,,54,fall,1,1,0.6053145721253516
False,f_smooth,motoneurons,35,56,3,f_smooth,0.625,cgc-star,0.7142857142857143,0.8333333333333334,F3T1,49,deconvolved,,42,fall_residual,1,1,0.6426194822212216
False,f_smooth,motoneurons,38,56,3,f_smooth,0.6785714285714286,cgc-star,0.7755102040816326,0.8444444444444444,F3T1,49,deconvolved,,45,full_trace,1,1,0.6767270599440756
False,f_smooth,motoneurons,37,60,3,f_smooth,0.6166666666666667,cgc-star,0.7551020408163265,0.7708333333333334,F3T1,49,deconvolved,,48,rise,1,1,0.6356940494904394
False,f_smooth,motoneurons,33,63,3,f_smooth,0.5238095238095238,cgc-star,0.6111111111111112,0.7857142857142857,F3T1,54,fall,,42,fall_residual,1,1,0.5491731468806292
False,f_smooth,motoneurons,40,59,3,f_smooth,0.6779661016949152,cgc-star,0.7407407407407407,0.8888888888888888,F3T1,54,fall,,45,full_trace,1,1,0.6794270685435915
False,f_smooth,motoneurons,39,63,3,f_smooth,0.6190476190476191,cgc-star,0.7222222222222222,0.8125,F3T1,54,fall,,48,rise,1,1,0.6550723247472764
False,f_smooth,motoneurons,35,52,3,f_smooth,0.6730769230769231,cgc-star,0.8333333333333334,0.7777777777777778,F3T1,42,fall_residual,,45,full_trace,1,1,0.6661409056362166
False,f_smooth,motoneurons,32,58,3,f_smooth,0.5517241379310345,cgc-star,0.7619047619047619,0.6666666666666666,F3T1,42,fall_residual,,48,rise,1,1,0.5900996076602949
False,f_smooth,motoneurons,40,53,3,f_smooth,0.7547169811320755,cgc-star,0.8888888888888888,0.8333333333333334,F3T1,45,full_trace,,48,rise,1,1,0.7802845707587702
False,f_smooth,motoneurons,24,33,3,f_smooth,0.7272727272727273,cgc-star,0.8571428571428571,0.8275862068965517,F3T2,28,deconvolved,,29,fall,2,2,0.7369318868849918
False,f_smooth,motoneurons,21,36,3,f_smooth,0.5833333333333334,cgc-star,0.75,0.7241379310344828,F3T2,28,deconvolved,,29,fall_residual,2,2,0.5948980271337448
False,f_smooth,motoneurons,26,29,3,f_smooth,0.896551724137931,cgc-star,0.9285714285714286,0.9629629629629629,F3T2,28,deconvolved,,27,full_trace,2,2,0.8878347703621527
False,f_smooth,motoneurons,27,35,3,f_smooth,0.7714285714285715,cgc-star,0.9642857142857143,0.7941176470588235,F3T2,28,deconvolved,,34,rise,2,2,0.7952536786515518
False,f_smooth,motoneurons,22,36,3,f_smooth,0.6111111111111112,cgc-star,0.7586206896551724,0.7586206896551724,F3T2,29,fall,,29,fall_residual,2,2,0.626331179512936
False,f_smooth,motoneurons,24,32,3,f_smooth,0.75,cgc-star,0.8275862068965517,0.8888888888888888,F3T2,29,fall,,27,full_trace,2,2,0.7448273593595723
False,f_smooth,motoneurons,25,38,3,f_smooth,0.6578947368421053,cgc-star,0.8620689655172413,0.7352941176470589,F3T2,29,fall,,34,rise,2,2,0.6668562558334942
False,f_smooth,motoneurons,20,36,3,f_smooth,0.5555555555555556,cgc-star,0.6896551724137931,0.7407407407407407,F3T2,29,fall_residual,,27,full_trace,2,2,0.577125626318377
False,f_smooth,motoneurons,24,39,3,f_smooth,0.6153846153846154,cgc-star,0.8275862068965517,0.7058823529411765,F3T2,29,fall_residual,,34,rise,2,2,0.6313014309454275
False,f_smooth,motoneurons,26,35,3,f_smooth,0.7428571428571429,cgc-star,0.9629629629629629,0.7647058823529411,F3T2,27,full_trace,,34,rise,2,2,0.740189875496487
False,f_smooth,motoneurons,55,105,5,f_smooth,0.5238095238095238,cgc-star,0.6626506024096386,0.7142857142857143,F5T2,83,deconvolved,,77,fall,2,2,0.5338090749753364
False,f_smooth,motoneurons,51,97,5,f_smooth,0.5257731958762887,cgc-star,0.6144578313253012,0.7846153846153846,F5T2,83,deconvolved,,65,fall_residual,2,2,0.48307913049885615
False,f_smooth,motoneurons,67,103,5,f_smooth,0.6504854368932039,cgc-star,0.8072289156626506,0.7701149425287356,F5T2,83,deconvolved,,87,full_trace,2,2,0.6510935234476615
False,f_smooth,motoneurons,64,99,5,f_smooth,0.6464646464646465,cgc-star,0.7710843373493976,0.8,F5T2,83,deconvolved,,80,rise,2,2,0.6540241190591219
False,f_smooth,motoneurons,42,100,5,f_smooth,0.42,cgc-star,0.5454545454545454,0.6461538461538462,F5T2,77,fall,,65,fall_residual,2,2,0.43087399716904073
False,f_smooth,motoneurons,60,104,5,f_smooth,0.5769230769230769,cgc-star,0.7792207792207793,0.6896551724137931,F5T2,77,fall,,87,full_trace,2,2,0.5758428049140835
False,f_smooth,motoneurons,58,99,5,f_smooth,0.5858585858585859,cgc-star,0.7532467532467533,0.725,F5T2,77,fall,,80,rise,2,2,0.580164805641362
False,f_smooth,motoneurons,50,102,5,f_smooth,0.49019607843137253,cgc-star,0.7692307692307693,0.5747126436781609,F5T2,65,fall_residual,,87,full_trace,2,2,0.45655601121903877
False,f_smooth,motoneurons,48,97,5,f_smooth,0.4948453608247423,cgc-star,0.7384615384615385,0.6,F5T2,65,fall_residual,,80,rise,2,2,0.4519099396115383
False,f_smooth,motoneurons,70,97,5,f_smooth,0.7216494845360825,cgc-star,0.8045977011494253,0.875,F5T2,87,full_trace,,80,rise,2,2,0.7141554075203231
False,dff,motoneurons,18,27,3,dff,0.6666666666666666,oasis+cgc,0.8181818181818182,0.782608695652174,F3T1,22,oasis_denoised,,23,oasis_spikes,1,1,0.6257636668501092
False,dff,motoneurons,19,23,3,dff,0.8260869565217391,oasis+cgc,0.8260869565217391,1.0,F3T2,23,oasis_denoised,,19,oasis_spikes,2,2,0.8304980260183065
False,dff,motoneurons,58,69,5,dff,0.8405797101449275,oasis+cgc,0.8529411764705882,0.9830508474576272,F5T2,68,oasis_denoised,,59,oasis_spikes,2,2,0.7978434163445843
False,f_smooth,motoneurons,19,29,3,f_smooth,0.6551724137931034,oasis+cgc,0.8636363636363636,0.7307692307692307,F3T1,22,oasis_denoised,,26,oasis_spikes,1,1,0.6175730058709834
False,f_smooth,motoneurons,19,22,3,f_smooth,0.8636363636363636,oasis+cgc,0.95,0.9047619047619048,F3T2,20,oasis_denoised,,21,oasis_spikes,2,2,0.8642264705401644
False,f_smooth,motoneurons,55,75,5,f_smooth,0.7333333333333333,oasis+cgc,0.7534246575342466,0.9649122807017544,F5T2,73,oasis_denoised,,57,oasis_spikes,2,2,0.7379111850154547
False,dff,motoneurons,13,33,3,dff,0.3939393939393939,oasis+cgc-star,0.48148148148148145,0.6842105263157895,F3T1,27,oasis_denoised,,19,oasis_spikes,1,1,0.2685929099549921
False,dff,motoneurons,24,33,3,dff,0.7272727272727273,oasis+cgc-star,0.7741935483870968,0.9230769230769231,F3T2,31,oasis_denoised,,26,oasis_spikes,2,2,0.4881015906918375
False,dff,motoneurons,50,93,5,dff,0.5376344086021505,oasis+cgc-star,0.5882352941176471,0.8620689655172413,F5T2,85,oasis_denoised,,58,oasis_spikes,2,2,0.4275500687537702
False,f_smooth,motoneurons,11,30,3,f_smooth,0.36666666666666664,oasis+cgc-star,0.44,0.6875,F3T1,25,oasis_denoised,,16,oasis_spikes,1,1,0.2776426484026077
False,f_smooth,motoneurons,20,32,3,f_smooth,0.625,oasis+cgc-star,0.625,1.0,F3T2,32,oasis_denoised,,20,oasis_spikes,2,2,0.5025878870045213
False,f_smooth,motoneurons,63,99,5,f_smooth,0.6363636363636364,oasis+cgc-star,0.6631578947368421,0.9402985074626866,F5T2,95,oasis_denoised,,67,oasis_spikes,2,2,0.5377486768981137
