alpha,artifact_path,binary,case,caudorostral_edges,caudorostral_weight,component,contralateral_edges,contralateral_weight,dataset,delta_w_ic_rise_minus_fall,delta_w_rc_rise_minus_fall,description,edge_density,edge_opportunities,fdr,fish,fluo_type,graph_label,input_contract,input_digest,ipsilateral_edges,ipsilateral_weight,max_lag,method,method_internal,metric_semantics,mid,n_estimator_surrogates,n_nodes,output_semantics,projection,recording,representation,retained_edges,rostrocaudal_edges,rostrocaudal_weight,source_file,source_note,total_weight,trace,trial,unit,w_ic,w_rc
,,,published,,,,,,motoneurons,,,Chen et al. improved GC published ipsilateral result,,,,,,published,,,,,,chen_improved_gc,published,,,,,,,published aggregate,published,,,,literature,Only W_IC=1.00 is encoded here; W_RC was not inferred.,,,,,1.0,
,,False,dff,28.0,23.536640652026655,,0.0,0.0,motoneurons,0.10566407445714543,0.010021574391005705,,0.3241758241758242,182.0,,3,dff,full,,6f46cfc2dad791d242cd77c173790dfcb699c64facbe3d8b89f81629a870ed25,59.0,48.18192729354975,,cgc,cgc,directed_weighted_adjacency,7,,14,,,F3T1,full_trace,59.0,31.0,24.645286641523082,cgc_motoneurons_summary_rows.pkl,method-specific c-GC/c-GC* motorneuron output,48.181927293549734,1,1,,1.0,0.5115047908185778
,,False,dff,28.0,21.601800514053068,,10.0,3.869391850277517,motoneurons,0.10566407445714543,0.010021574391005705,,0.3901098901098901,182.0,,3,dff,deconvolved,,6f46cfc2dad791d242cd77c173790dfcb699c64facbe3d8b89f81629a870ed25,61.0,46.048578301007666,,cgc,cgc,directed_weighted_adjacency,7,,14,,,F3T1,deconvolved,71.0,33.0,24.4467777869546,cgc_motoneurons_summary_rows.pkl,method-specific c-GC/c-GC* motorneuron output,49.91797015128519,1,1,,0.9328145820629349,0.5308910435226105
,,False,dff,26.0,21.317306394521594,,16.0,5.770968529995876,motoneurons,0.10566407445714543,0.010021574391005705,,0.3901098901098901,182.0,,3,dff,rise,,6f46cfc2dad791d242cd77c173790dfcb699c64facbe3d8b89f81629a870ed25,55.0,45.11502639860474,,cgc,cgc,directed_weighted_adjacency,7,,14,,,F3T1,rise,71.0,29.0,23.797720004083146,cgc_motoneurons_summary_rows.pkl,method-specific c-GC/c-GC* motorneuron output,50.885994928600624,1,1,,0.9011907862656107,0.5274898831671554
,,False,dff,25.0,22.59326480976085,,22.0,14.040473519595574,motoneurons,0.10566407445714543,0.010021574391005705,,0.4065934065934066,182.0,,3,dff,fall,,6f46cfc2dad791d242cd77c173790dfcb699c64facbe3d8b89f81629a870ed25,52.0,46.82234394275185,,cgc,cgc,directed_weighted_adjacency,7,,14,,,F3T1,fall,74.0,27.0,24.229079132991,cgc_motoneurons_summary_rows.pkl,method-specific c-GC/c-GC* motorneuron output,60.86281746234742,1,1,,0.7955267118084652,0.5174683087761497
,,False,dff,23.0,20.866362460517305,,22.0,16.877612334412923,motoneurons,0.10566407445714543,0.010021574391005705,,0.3791208791208791,182.0,,3,dff,fall_residual,,6f46cfc2dad791d242cd77c173790dfcb699c64facbe3d8b89f81629a870ed25,47.0,42.649488683994534,,cgc,cgc,directed_weighted_adjacency,7,,14,,,F3T1,fall_residual,69.0,24.0,21.783126223477215,cgc_motoneurons_summary_rows.pkl,method-specific c-GC/c-GC* motorneuron output,59.52710101840744,1,1,,0.746716831919398,0.5107476524484567
,,False,dff,18.0,15.510658844625535,,0.0,0.0,motoneurons,0.08740010902452278,0.01996607532865874,,0.33636363636363636,110.0,,3,dff,full,,ceed52f5abe215360784a65312ca79d7f7f206c48693c0c224022bbd26963e81,37.0,31.85366604708858,,cgc,cgc,directed_weighted_adjacency,6,,11,,,F3T2,full_trace,37.0,19.0,16.343007202463042,cgc_motoneurons_summary_rows.pkl,method-specific c-GC/c-GC* motorneuron output,31.85366604708858,2,2,,1.0,0.5130651893663835
,,False,dff,16.0,13.93821408583214,,0.0,0.0,motoneurons,0.08740010902452278,0.01996607532865874,,0.33636363636363636,110.0,,3,dff,deconvolved,,ceed52f5abe215360784a65312ca79d7f7f206c48693c0c224022bbd26963e81,37.0,30.576053599733065,,cgc,cgc,directed_weighted_adjacency,6,,11,,,F3T2,deconvolved,37.0,21.0,16.63783951390093,cgc_motoneurons_summary_rows.pkl,method-specific c-GC/c-GC* motorneuron output,30.57605359973307,2,2,,1.0,0.5441460736465408
,,False,dff,19.0,15.656121707081791,,0.0,0.0,motoneurons,0.08740010902452278,0.01996607532865874,,0.35454545454545455,110.0,,3,dff,rise,,ceed52f5abe215360784a65312ca79d7f7f206c48693c0c224022bbd26963e81,39.0,32.095264286467625,,cgc,cgc,directed_weighted_adjacency,6,,11,,,F3T2,rise,39.0,20.0,16.439142579385837,cgc_motoneurons_summary_rows.pkl,method-specific c-GC/c-GC* motorneuron output,32.095264286467625,2,2,,1.0,0.5121983864241646
,,False,dff,18.0,13.658934196078228,,11.0,3.0914666012284733,motoneurons,0.08740010902452278,0.01996607532865874,,0.41818181818181815,110.0,,3,dff,fall,,ceed52f5abe215360784a65312ca79d7f7f206c48693c0c224022bbd26963e81,35.0,26.899967238063734,,cgc,cgc,directed_weighted_adjacency,6,,11,,,F3T2,fall,46.0,17.0,13.241033041985506,cgc_motoneurons_summary_rows.pkl,method-specific c-GC/c-GC* motorneuron output,29.991433839292206,2,2,,0.9125998909754772,0.49223231109550586
,,False,dff,17.0,12.801237165798817,,16.0,7.04354035588172,motoneurons,0.08740010902452278,0.01996607532865874,,0.45454545454545453,110.0,,3,dff,fall_residual,,ceed52f5abe215360784a65312ca79d7f7f206c48693c0c224022bbd26963e81,34.0,25.602474331597634,,cgc,cgc,directed_weighted_adjacency,6,,11,,,F3T2,fall_residual,50.0,17.0,12.801237165798817,cgc_motoneurons_summary_rows.pkl,method-specific c-GC/c-GC* motorneuron output,32.64601468747936,2,2,,0.8134977142685609,0.5
,,False,dff,44.0,39.5642822761516,,24.0,7.342726981861736,motoneurons,0.09045435898654253,-0.05194009134360178,,0.4007352941176471,272.0,,5,dff,full,,9ea5d3add7fc4c00cf97a0ec38957e6ce51e15c01c935ac1a68c4c90e604737f,85.0,76.35798351369439,,cgc,cgc,directed_weighted_adjacency,9,,17,,,F5T2,full_trace,109.0,41.0,36.79370123754278,cgc_motoneurons_summary_rows.pkl,method-specific c-GC/c-GC* motorneuron output,83.70071049555611,2,2,,0.9212537843116668,0.4818579478456766
,,False,dff,47.0,42.52328111893364,,2.0,0.2575443896111698,motoneurons,0.09045435898654253,-0.05194009134360178,,0.35294117647058826,272.0,,5,dff,deconvolved,,9ea5d3add7fc4c00cf97a0ec38957e6ce51e15c01c935ac1a68c4c90e604737f,94.0,85.48476332709336,,cgc,cgc,directed_weighted_adjacency,9,,17,,,F5T2,deconvolved,96.0,47.0,42.961482208159715,cgc_motoneurons_summary_rows.pkl,method-specific c-GC/c-GC* motorneuron output,85.74230771670453,2,2,,0.9973291507826626,0.5025630362193866
,,False,dff,51.0,45.83790368092501,,7.0,1.3965600497156707,motoneurons,0.09045435898654253,-0.05194009134360178,,0.3786764705882353,272.0,,5,dff,rise,,9ea5d3add7fc4c00cf97a0ec38957e6ce51e15c01c935ac1a68c4c90e604737f,96.0,86.54948380755005,,cgc,cgc,directed_weighted_adjacency,9,,17,,,F5T2,rise,103.0,45.0,40.71158012662504,cgc_motoneurons_summary_rows.pkl,method-specific c-GC/c-GC* motorneuron output,87.94604385726572,2,2,,0.9858597288815119,0.4703850137009553
,,False,dff,40.0,35.415483345200116,,25.0,9.743230407333726,motoneurons,0.09045435898654253,-0.05194009134360178,,0.4007352941176471,272.0,,5,dff,fall,,9ea5d3add7fc4c00cf97a0ec38957e6ce51e15c01c935ac1a68c4c90e604737f,84.0,74.14139557931685,,cgc,cgc,directed_weighted_adjacency,9,,17,,,F5T2,fall,109.0,44.0,38.725912234116734,cgc_motoneurons_summary_rows.pkl,method-specific c-GC/c-GC* motorneuron output,83.88462598665058,2,2,,0.8954053698949693,0.5223251050445571
,,False,dff,40.0,35.234474631548565,,20.0,12.110400307553233,motoneurons,0.09045435898654253,-0.05194009134360178,,0.3713235294117647,272.0,,5,dff,fall_residual,,9ea5d3add7fc4c00cf97a0ec38957e6ce51e15c01c935ac1a68c4c90e604737f,81.0,71.40446524034962,,cgc,cgc,directed_weighted_adjacency,9,,17,,,F5T2,fall_residual,101.0,41.0,36.16999060880106,cgc_motoneurons_summary_rows.pkl,method-specific c-GC/c-GC* motorneuron output,83.51486554790284,2,2,,0.8689923756032373,0.5065508226558627
,,False,f_smooth,22.0,18.336825408591878,,0.0,0.0,motoneurons,0.0065367855668185815,-0.005558904908832929,,0.2692307692307692,182.0,,3,f_smooth,full,,037c172d52d70369086b2a8ac83877952e50370ad4cfce159ca18b63a0879768,49.0,40.307160694978286,,cgc,cgc,directed_weighted_adjacency,7,,14,,,F3T1,full_trace,49.0,27.0,21.970335286386412,cgc_motoneurons_summary_rows.pkl,method-specific c-GC/c-GC* motorneuron output,40.30716069497829,1,1,,1.0,0.5450727589731621
,,False,f_smooth,23.0,16.884659140793808,,0.0,0.0,motoneurons,0.0065367855668185815,-0.005558904908832929,,0.2857142857142857,182.0,,3,f_smooth,deconvolved,,037c172d52d70369086b2a8ac83877952e50370ad4cfce159ca18b63a0879768,52.0,37.19152785406802,,cgc,cgc,directed_weighted_adjacency,7,,14,,,F3T1,deconvolved,52.0,29.0,20.30686871327422,cgc_motoneurons_summary_rows.pkl,method-specific c-GC/c-GC* motorneuron output,37.19152785406802,1,1,,1.0,0.5460079186032429
,,False,f_smooth,23.0,18.857129013701943,,0.0,0.0,motoneurons,0.0065367855668185815,-0.005558904908832929,,0.2857142857142857,182.0,,3,f_smooth,rise,,037c172d52d70369086b2a8ac83877952e50370ad4cfce159ca18b63a0879768,52.0,41.43804849529807,,cgc,cgc,directed_weighted_adjacency,7,,14,,,F3T1,rise,52.0,29.0,22.58091948159613,cgc_motoneurons_summary_rows.pkl,method-specific c-GC/c-GC* motorneuron output,41.43804849529808,1,1,,1.0,0.5449320202460394
,,False,f_smooth,23.0,19.90832926852826,,1.0,0.3399817370895146,motoneurons,0.0065367855668185815,-0.005558904908832929,,0.2967032967032967,182.0,,3,f_smooth,fall,,037c172d52d70369086b2a8ac83877952e50370ad4cfce159ca18b63a0879768,53.0,44.28904861461898,,cgc,cgc,directed_weighted_adjacency,7,,14,,,F3T1,fall,54.0,30.0,24.380719346090714,cgc_motoneurons_summary_rows.pkl,method-specific c-GC/c-GC* motorneuron output,44.62903035170848,1,1,,0.9934632144331814,0.5504909251548723
,,False,f_smooth,19.0,15.201451377872546,,1.0,0.2343779122433333,motoneurons,0.0065367855668185815,-0.005558904908832929,,0.24725274725274726,182.0,,3,f_smooth,fall_residual,,037c172d52d70369086b2a8ac83877952e50370ad4cfce159ca18b63a0879768,44.0,34.014917109481694,,cgc,cgc,directed_weighted_adjacency,7,,14,,,F3T1,fall_residual,45.0,25.0,18.81346573160915,cgc_motoneurons_summary_rows.pkl,method-specific c-GC/c-GC* motorneuron output,34.24929502172503,1,1,,0.9941285815273376,0.5530945635132791
,,False,f_smooth,12.0,11.318646879112666,,0.0,0.0,motoneurons,0.0,0.008422515690532206,,0.2636363636363636,110.0,,3,f_smooth,full,,aabdef16b22b4fd004b3acd7e895e4c509c52b725f198bea0af6caefddcfa22a,29.0,26.059178454519333,,cgc,cgc,directed_weighted_adjacency,6,,11,,,F3T2,full_trace,29.0,17.0,14.74053157540667,cgc_motoneurons_summary_rows.pkl,method-specific c-GC/c-GC* motorneuron output,26.05917845451934,2,2,,1.0,0.565656035593489
,,False,f_smooth,13.0,12.224296150019976,,0.0,0.0,motoneurons,0.0,0.008422515690532206,,0.2909090909090909,110.0,,3,f_smooth,deconvolved,,aabdef16b22b4fd004b3acd7e895e4c509c52b725f198bea0af6caefddcfa22a,32.0,27.888386695526847,,cgc,cgc,directed_weighted_adjacency,6,,11,,,F3T2,deconvolved,32.0,19.0,15.664090545506879,cgc_motoneurons_summary_rows.pkl,method-specific c-GC/c-GC* motorneuron output,27.888386695526854,2,2,,1.0,0.5616707311369614
,,False,f_smooth,16.0,14.522645561903722,,0.0,0.0,motoneurons,0.0,0.008422515690532206,,0.34545454545454546,110.0,,3,f_smooth,rise,,aabdef16b22b4fd004b3acd7e895e4c509c52b725f198bea0af6caefddcfa22a,38.0,32.352879306823084,,cgc,cgc,directed_weighted_adjacency,6,,11,,,F3T2,rise,38.0,22.0,17.83023374491936,cgc_motoneurons_summary_rows.pkl,method-specific c-GC/c-GC* motorneuron output,32.35287930682308,2,2,,1.0,0.5511173696728453
,,False,f_smooth,12.0,11.0707376130453,,0.0,0.0,motoneurons,0.0,0.008422515690532206,,0.24545454545454545,110.0,,3,f_smooth,fall,,aabdef16b22b4fd004b3acd7e895e4c509c52b725f198bea0af6caefddcfa22a,27.0,24.208644292441708,,cgc,cgc,directed_weighted_adjacency,6,,11,,,F3T2,fall,27.0,15.0,13.137906679396409,cgc_motoneurons_summary_rows.pkl,method-specific c-GC/c-GC* motorneuron output,24.208644292441708,2,2,,1.0,0.5426948539823131
,,False,f_smooth,15.0,12.526584026112122,,0.0,0.0,motoneurons,0.0,0.008422515690532206,,0.2818181818181818,110.0,,3,f_smooth,fall_residual,,aabdef16b22b4fd004b3acd7e895e4c509c52b725f198bea0af6caefddcfa22a,31.0,24.965348844547012,,cgc,cgc,directed_weighted_adjacency,6,,11,,,F3T2,fall_residual,31.0,16.0,12.438764818434887,cgc_motoneurons_summary_rows.pkl,method-specific c-GC/c-GC* motorneuron output,24.965348844547012,2,2,,1.0,0.49824117803792645
,,False,f_smooth,45.0,42.02138488506114,,0.0,0.0,motoneurons,0.0,0.031056433136426365,,0.3088235294117647,272.0,,5,f_smooth,full,,2cb6f2c27c3091ec672703edaf997d1bac55834949033ec3e7cf21b4afda0d52,84.0,78.32184156696118,,cgc,cgc,directed_weighted_adjacency,9,,17,,,F5T2,full_trace,84.0,39.0,36.300456681900044,cgc_motoneurons_summary_rows.pkl,method-specific c-GC/c-GC* motorneuron output,78.32184156696118,2,2,,1.0,0.4634780791111124
,,False,f_smooth,42.0,39.963303375553814,,0.0,0.0,motoneurons,0.0,0.031056433136426365,,0.3272058823529412,272.0,,5,f_smooth,deconvolved,,2cb6f2c27c3091ec672703edaf997d1bac55834949033ec3e7cf21b4afda0d52,89.0,83.69408793843475,,cgc,cgc,directed_weighted_adjacency,9,,17,,,F5T2,deconvolved,89.0,47.0,43.73078456288093,cgc_motoneurons_summary_rows.pkl,method-specific c-GC/c-GC* motorneuron output,83.69408793843475,2,2,,1.0,0.5225074511242567
,,False,f_smooth,42.0,39.444623954746525,,0.0,0.0,motoneurons,0.0,0.031056433136426365,,0.30514705882352944,272.0,,5,f_smooth,rise,,2cb6f2c27c3091ec672703edaf997d1bac55834949033ec3e7cf21b4afda0d52,83.0,77.91108431270261,,cgc,cgc,directed_weighted_adjacency,9,,17,,,F5T2,rise,83.0,41.0,38.46646035795609,cgc_motoneurons_summary_rows.pkl,method-specific c-GC/c-GC* motorneuron output,77.9110843127026,2,2,,1.0,0.4937225646041294
,,False,f_smooth,40.0,35.45447774933304,,0.0,0.0,motoneurons,0.0,0.031056433136426365,,0.27205882352941174,272.0,,5,f_smooth,fall,,2cb6f2c27c3091ec672703edaf997d1bac55834949033ec3e7cf21b4afda0d52,74.0,65.98221296970416,,cgc,cgc,directed_weighted_adjacency,9,,17,,,F5T2,fall,74.0,34.0,30.527735220371127,cgc_motoneurons_summary_rows.pkl,method-specific c-GC/c-GC* motorneuron output,65.98221296970416,2,2,,1.0,0.462666131467703
,,False,f_smooth,38.0,30.977253290230724,,0.0,0.0,motoneurons,0.0,0.031056433136426365,,0.2647058823529412,272.0,,5,f_smooth,fall_residual,,2cb6f2c27c3091ec672703edaf997d1bac55834949033ec3e7cf21b4afda0d52,72.0,58.37492761688899,,cgc,cgc,directed_weighted_adjacency,9,,17,,,F5T2,fall_residual,72.0,34.0,27.397674326658255,cgc_motoneurons_summary_rows.pkl,method-specific c-GC/c-GC* motorneuron output,58.37492761688898,2,2,,1.0,0.46933975672685174
,,False,dff,26.0,21.69562033343566,,0.0,0.0,motoneurons,0.12278710376486601,0.03895418149525043,,0.3021978021978022,182.0,,3,dff,full,,6f46cfc2dad791d242cd77c173790dfcb699c64facbe3d8b89f81629a870ed25,55.0,45.448278512906946,,cgc-star,fcgc,directed_weighted_adjacency,7,,14,,,F3T1,full_trace,55.0,29.0,23.752658179471272,cgc_star_motoneurons_summary_rows.pkl,method-specific c-GC/c-GC* motorneuron output,45.44827851290693,1,1,,1.0,0.5226305364399163
,,False,dff,27.0,20.910206021503882,,10.0,3.869391850277517,motoneurons,0.12278710376486601,0.03895418149525043,,0.36813186813186816,182.0,,3,dff,deconvolved,,6f46cfc2dad791d242cd77c173790dfcb699c64facbe3d8b89f81629a870ed25,57.0,43.790834574535396,,cgc-star,fcgc,directed_weighted_adjacency,7,,14,,,F3T1,deconvolved,67.0,30.0,22.880628553031507,cgc_star_motoneurons_summary_rows.pkl,method-specific c-GC/c-GC* motorneuron output,47.66022642481291,1,1,,0.9295945513454822,0.5224981157663691
,,False,dff,25.0,20.834161196589868,,14.0,4.8523396460679855,motoneurons,0.12278710376486601,0.03895418149525043,,0.3791208791208791,182.0,,3,dff,rise,,6f46cfc2dad791d242cd77c173790dfcb699c64facbe3d8b89f81629a870ed25,55.0,45.22535160451262,,cgc-star,fcgc,directed_weighted_adjacency,7,,14,,,F3T1,rise,69.0,30.0,24.391190407922757,cgc_star_motoneurons_summary_rows.pkl,method-specific c-GC/c-GC* motorneuron output,50.077691250580614,1,1,,0.9157802897915275,0.539325611467197
,,False,dff,27.0,24.164467658034656,,23.0,14.72963356677649,motoneurons,0.12278710376486601,0.03895418149525043,,0.4230769230769231,182.0,,3,dff,fall,,6f46cfc2dad791d242cd77c173790dfcb699c64facbe3d8b89f81629a870ed25,54.0,48.36486363595633,,cgc-star,fcgc,directed_weighted_adjacency,7,,14,,,F3T1,fall,77.0,27.0,24.20039597792167,cgc_star_motoneurons_summary_rows.pkl,method-specific c-GC/c-GC* motorneuron output,63.094497202732825,1,1,,0.7929931860266615,0.5003714299719466
,,False,dff,24.0,21.701014905470124,,21.0,16.047604727005893,motoneurons,0.12278710376486601,0.03895418149525043,,0.38461538461538464,182.0,,3,dff,fall_residual,,6f46cfc2dad791d242cd77c173790dfcb699c64facbe3d8b89f81629a870ed25,49.0,44.318793573900166,,cgc-star,fcgc,directed_weighted_adjacency,7,,14,,,F3T1,fall_residual,70.0,25.0,22.61777866843003,cgc_star_motoneurons_summary_rows.pkl,method-specific c-GC/c-GC* motorneuron output,60.36639830090605,1,1,,0.7631449978039732,0.5103428330176817
,,False,dff,18.0,15.510658844625535,,0.0,0.0,motoneurons,0.08089211401275342,0.004575329891944591,,0.32727272727272727,110.0,,3,dff,full,,ceed52f5abe215360784a65312ca79d7f7f206c48693c0c224022bbd26963e81,36.0,31.261498716066285,,cgc-star,fcgc,directed_weighted_adjacency,6,,11,,,F3T2,full_trace,36.0,18.0,15.750839871440746,cgc_star_motoneurons_summary_rows.pkl,method-specific c-GC/c-GC* motorneuron output,31.261498716066285,2,2,,1.0,0.5038414829211592
,,False,dff,17.0,14.662690559839497,,0.0,0.0,motoneurons,0.08089211401275342,0.004575329891944591,,0.3090909090909091,110.0,,3,dff,deconvolved,,ceed52f5abe215360784a65312ca79d7f7f206c48693c0c224022bbd26963e81,34.0,28.772634198886806,,cgc-star,fcgc,directed_weighted_adjacency,6,,11,,,F3T2,deconvolved,34.0,17.0,14.109943639047305,cgc_star_motoneurons_summary_rows.pkl,method-specific c-GC/c-GC* motorneuron output,28.772634198886802,2,2,,1.0,0.4903945722005951
,,False,dff,20.0,16.591420714816014,,0.0,0.0,motoneurons,0.08089211401275342,0.004575329891944591,,0.36363636363636365,110.0,,3,dff,rise,,ceed52f5abe215360784a65312ca79d7f7f206c48693c0c224022bbd26963e81,40.0,32.97232244816782,,cgc-star,fcgc,directed_weighted_adjacency,6,,11,,,F3T2,rise,40.0,20.0,16.380901733351813,cgc_star_motoneurons_summary_rows.pkl,method-specific c-GC/c-GC* motorneuron output,32.97232244816782,2,2,,1.0,0.49680764098745045
,,False,dff,18.0,13.658934196078228,,10.0,2.8410095266543864,motoneurons,0.08089211401275342,0.004575329891944591,,0.4090909090909091,110.0,,3,dff,fall,,ceed52f5abe215360784a65312ca79d7f7f206c48693c0c224022bbd26963e81,35.0,26.899967238063734,,cgc-star,fcgc,directed_weighted_adjacency,6,,11,,,F3T2,fall,45.0,17.0,13.241033041985506,cgc_star_motoneurons_summary_rows.pkl,method-specific c-GC/c-GC* motorneuron output,29.74097676471812,2,2,,0.9191078859872466,0.49223231109550586
,,False,dff,17.0,12.801237165798817,,16.0,6.9288043587564205,motoneurons,0.08089211401275342,0.004575329891944591,,0.45454545454545453,110.0,,3,dff,fall_residual,,ceed52f5abe215360784a65312ca79d7f7f206c48693c0c224022bbd26963e81,34.0,25.602474331597634,,cgc-star,fcgc,directed_weighted_adjacency,6,,11,,,F3T2,fall_residual,50.0,17.0,12.801237165798817,cgc_star_motoneurons_summary_rows.pkl,method-specific c-GC/c-GC* motorneuron output,32.53127869035406,2,2,,0.8159766803992071,0.5
,,False,dff,45.0,40.47657510066979,,28.0,8.719915467730843,motoneurons,0.09687121607951266,-0.030683896645972708,,0.41544117647058826,272.0,,5,dff,full,,9ea5d3add7fc4c00cf97a0ec38957e6ce51e15c01c935ac1a68c4c90e604737f,85.0,76.82707434507455,,cgc-star,fcgc,directed_weighted_adjacency,9,,17,,,F5T2,full_trace,113.0,40.0,36.35049924440476,cgc_star_motoneurons_summary_rows.pkl,method-specific c-GC/c-GC* motorneuron output,85.54698981280538,2,2,,0.9083564773163987,0.4731469934821906
,,False,dff,45.0,40.62471796398599,,2.0,0.2575443896111698,motoneurons,0.09687121607951266,-0.030683896645972708,,0.3382352941176471,272.0,,5,dff,deconvolved,,9ea5d3add7fc4c00cf97a0ec38957e6ce51e15c01c935ac1a68c4c90e604737f,90.0,81.81229173887643,,cgc-star,fcgc,directed_weighted_adjacency,9,,17,,,F5T2,deconvolved,92.0,45.0,41.18757377489045,cgc_star_motoneurons_summary_rows.pkl,method-specific c-GC/c-GC* motorneuron output,82.06983612848761,2,2,,0.9972095935910837,0.5034399220394715
,,False,dff,51.0,45.83790368092501,,6.0,1.2713928749760965,motoneurons,0.09687121607951266,-0.030683896645972708,,0.3713235294117647,272.0,,5,dff,rise,,9ea5d3add7fc4c00cf97a0ec38957e6ce51e15c01c935ac1a68c4c90e604737f,95.0,85.57551426739735,,cgc-star,fcgc,directed_weighted_adjacency,9,,17,,,F5T2,rise,101.0,44.0,39.73761058647234,cgc_star_motoneurons_summary_rows.pkl,method-specific c-GC/c-GC* motorneuron output,86.84690714237345,2,2,,0.9869659345867271,0.4643572513313147
,,False,dff,42.0,36.88749439414953,,27.0,10.147475885045836,motoneurons,0.09687121607951266,-0.030683896645972708,,0.40441176470588236,272.0,,5,dff,fall,,9ea5d3add7fc4c00cf97a0ec38957e6ce51e15c01c935ac1a68c4c90e604737f,83.0,73.05049559263962,,cgc-star,fcgc,directed_weighted_adjacency,9,,17,,,F5T2,fall,110.0,41.0,36.16300119849009,cgc_star_motoneurons_summary_rows.pkl,method-specific c-GC/c-GC* motorneuron output,83.19797147768546,2,2,,0.8900947185072144,0.49504114797728743
,,False,dff,40.0,35.333906600704864,,20.0,11.620181592573683,motoneurons,0.09687121607951266,-0.030683896645972708,,0.3639705882352941,272.0,,5,dff,fall_residual,,9ea5d3add7fc4c00cf97a0ec38957e6ce51e15c01c935ac1a68c4c90e604737f,79.0,69.84887756195099,,cgc-star,fcgc,directed_weighted_adjacency,9,,17,,,F5T2,fall_residual,99.0,39.0,34.514970961246114,cgc_star_motoneurons_summary_rows.pkl,method-specific c-GC/c-GC* motorneuron output,81.46905915452466,2,2,,0.8711733942324711,0.4941378038699876
,,False,f_smooth,23.0,19.09783869125145,,0.0,0.0,motoneurons,0.006559269683742652,-0.05073951769399909,,0.24725274725274726,182.0,,3,f_smooth,full,,037c172d52d70369086b2a8ac83877952e50370ad4cfce159ca18b63a0879768,45.0,37.17417770877774,,cgc-star,fcgc,directed_weighted_adjacency,7,,14,,,F3T1,full_trace,45.0,22.0,18.076339017526287,cgc_star_motoneurons_summary_rows.pkl,method-specific c-GC/c-GC* motorneuron output,37.174177708777734,1,1,,1.0,0.48626062852381585
,,False,f_smooth,23.0,16.37845293881737,,0.0,0.0,motoneurons,0.006559269683742652,-0.05073951769399909,,0.2692307692307692,182.0,,3,f_smooth,deconvolved,,037c172d52d70369086b2a8ac83877952e50370ad4cfce159ca18b63a0879768,49.0,34.895511069984714,,cgc-star,fcgc,directed_weighted_adjacency,7,,14,,,F3T1,deconvolved,49.0,26.0,18.517058131167346,cgc_star_motoneurons_summary_rows.pkl,method-specific c-GC/c-GC* motorneuron output,34.89551106998471,1,1,,1.0,0.5306429842517695
,,False,f_smooth,25.0,20.165755950372624,,0.0,0.0,motoneurons,0.006559269683742652,-0.05073951769399909,,0.26373626373626374,182.0,,3,f_smooth,rise,,037c172d52d70369086b2a8ac83877952e50370ad4cfce159ca18b63a0879768,48.0,39.066530878289946,,cgc-star,fcgc,directed_weighted_adjacency,7,,14,,,F3T1,rise,48.0,23.0,18.900774927917325,cgc_star_motoneurons_summary_rows.pkl,method-specific c-GC/c-GC* motorneuron output,39.06653087828995,1,1,,1.0,0.4838099135754299
,,False,f_smooth,24.0,20.54323521403633,,1.0,0.3399817370895146,motoneurons,0.006559269683742652,-0.05073951769399909,,0.2967032967032967,182.0,,3,f_smooth,fall,,037c172d52d70369086b2a8ac83877952e50370ad4cfce159ca18b63a0879768,53.0,44.1362339937926,,cgc-star,fcgc,directed_weighted_adjacency,7,,14,,,F3T1,fall,54.0,29.0,23.592998779756275,cgc_star_motoneurons_summary_rows.pkl,method-specific c-GC/c-GC* motorneuron output,44.47621573088212,1,1,,0.9934407303162573,0.534549431269429
,,False,f_smooth,19.0,15.201451377872546,,0.0,0.0,motoneurons,0.006559269683742652,-0.05073951769399909,,0.23076923076923078,182.0,,3,f_smooth,fall_residual,,037c172d52d70369086b2a8ac83877952e50370ad4cfce159ca18b63a0879768,42.0,32.510577688840954,,cgc-star,fcgc,directed_weighted_adjacency,7,,14,,,F3T1,fall_residual,42.0,23.0,17.309126310968413,cgc_star_motoneurons_summary_rows.pkl,method-specific c-GC/c-GC* motorneuron output,32.51057768884096,1,1,,1.0,0.532415218106372
,,False,f_smooth,13.0,12.268004289677044,,0.0,0.0,motoneurons,0.0,-0.00865189754251694,,0.24545454545454545,110.0,,3,f_smooth,full,,aabdef16b22b4fd004b3acd7e895e4c509c52b725f198bea0af6caefddcfa22a,27.0,25.099632684379113,,cgc-star,fcgc,directed_weighted_adjacency,6,,11,,,F3T2,full_trace,27.0,14.0,12.831628394702072,cgc_star_motoneurons_summary_rows.pkl,method-specific c-GC/c-GC* motorneuron output,25.099632684379113,2,2,,1.0,0.5112277361209314
,,False,f_smooth,12.0,11.275164646679736,,0.0,0.0,motoneurons,0.0,-0.00865189754251694,,0.2545454545454545,110.0,,3,f_smooth,deconvolved,,aabdef16b22b4fd004b3acd7e895e4c509c52b725f198bea0af6caefddcfa22a,28.0,25.346894428734096,,cgc-star,fcgc,directed_weighted_adjacency,6,,11,,,F3T2,deconvolved,28.0,16.0,14.071729782054364,cgc_star_motoneurons_summary_rows.pkl,method-specific c-GC/c-GC* motorneuron output,25.3468944287341,2,2,,1.0,0.5551658338901737
,,False,f_smooth,16.0,14.557501927080118,,0.0,0.0,motoneurons,0.0,-0.00865189754251694,,0.3090909090909091,110.0,,3,f_smooth,rise,,aabdef16b22b4fd004b3acd7e895e4c509c52b725f198bea0af6caefddcfa22a,34.0,30.43252517556244,,cgc-star,fcgc,directed_weighted_adjacency,6,,11,,,F3T2,rise,34.0,18.0,15.875023248482323,cgc_star_motoneurons_summary_rows.pkl,method-specific c-GC/c-GC* motorneuron output,30.43252517556244,2,2,,1.0,0.5216465987262238
,,False,f_smooth,13.0,12.016229486865669,,0.0,0.0,motoneurons,0.0,-0.00865189754251694,,0.2636363636363636,110.0,,3,f_smooth,fall,,aabdef16b22b4fd004b3acd7e895e4c509c52b725f198bea0af6caefddcfa22a,29.0,25.582693245412262,,cgc-star,fcgc,directed_weighted_adjacency,6,,11,,,F3T2,fall,29.0,16.0,13.566463758546593,cgc_star_motoneurons_summary_rows.pkl,method-specific c-GC/c-GC* motorneuron output,25.582693245412262,2,2,,1.0,0.5302984962687407
,,False,f_smooth,13.0,11.27569030417409,,0.0,0.0,motoneurons,0.0,-0.00865189754251694,,0.2636363636363636,110.0,,3,f_smooth,fall_residual,,aabdef16b22b4fd004b3acd7e895e4c509c52b725f198bea0af6caefddcfa22a,29.0,24.11044184722727,,cgc-star,fcgc,directed_weighted_adjacency,6,,11,,,F3T2,fall_residual,29.0,16.0,12.83475154305318,cgc_star_motoneurons_summary_rows.pkl,method-specific c-GC/c-GC* motorneuron output,24.110441847227275,2,2,,1.0,0.532331660463916
,,False,f_smooth,43.0,40.14451235730125,,0.0,0.0,motoneurons,0.0,-0.0046872150251302536,,0.31985294117647056,272.0,,5,f_smooth,full,,2cb6f2c27c3091ec672703edaf997d1bac55834949033ec3e7cf21b4afda0d52,87.0,81.25753724236145,,cgc-star,fcgc,directed_weighted_adjacency,9,,17,,,F5T2,full_trace,87.0,44.0,41.113024885060206,cgc_star_motoneurons_summary_rows.pkl,method-specific c-GC/c-GC* motorneuron output,81.25753724236147,2,2,,1.0,0.5059595242523179
,,False,f_smooth,41.0,39.01983109254306,,0.0,0.0,motoneurons,0.0,-0.0046872150251302536,,0.30514705882352944,272.0,,5,f_smooth,deconvolved,,2cb6f2c27c3091ec672703edaf997d1bac55834949033ec3e7cf21b4afda0d52,83.0,78.44512311065013,,cgc-star,fcgc,directed_weighted_adjacency,9,,17,,,F5T2,deconvolved,83.0,42.0,39.42529201810708,cgc_star_motoneurons_summary_rows.pkl,method-specific c-GC/c-GC* motorneuron output,78.44512311065014,2,2,,1.0,0.5025843603112975
,,False,f_smooth,42.0,39.01766227627482,,0.0,0.0,motoneurons,0.0,-0.0046872150251302536,,0.29411764705882354,272.0,,5,f_smooth,rise,,2cb6f2c27c3091ec672703edaf997d1bac55834949033ec3e7cf21b4afda0d52,80.0,74.95849954603301,,cgc-star,fcgc,directed_weighted_adjacency,9,,17,,,F5T2,rise,80.0,38.0,35.94083726975819,cgc_star_motoneurons_summary_rows.pkl,method-specific c-GC/c-GC* motorneuron output,74.958499546033,2,2,,1.0,0.4794764768161674
,,False,f_smooth,40.0,35.471223796510515,,0.0,0.0,motoneurons,0.0,-0.0046872150251302536,,0.28308823529411764,272.0,,5,f_smooth,fall,,2cb6f2c27c3091ec672703edaf997d1bac55834949033ec3e7cf21b4afda0d52,77.0,68.76449609203823,,cgc-star,fcgc,directed_weighted_adjacency,9,,17,,,F5T2,fall,77.0,37.0,33.293272295527714,cgc_star_motoneurons_summary_rows.pkl,method-specific c-GC/c-GC* motorneuron output,68.76449609203823,2,2,,1.0,0.48416369184129765
,,False,f_smooth,34.0,27.641954568432674,,0.0,0.0,motoneurons,0.0,-0.0046872150251302536,,0.23897058823529413,272.0,,5,f_smooth,fall_residual,,2cb6f2c27c3091ec672703edaf997d1bac55834949033ec3e7cf21b4afda0d52,65.0,52.62512812482842,,cgc-star,fcgc,directed_weighted_adjacency,9,,17,,,F5T2,fall_residual,65.0,31.0,24.983173556395748,cgc_star_motoneurons_summary_rows.pkl,method-specific c-GC/c-GC* motorneuron output,52.62512812482842,2,2,,1.0,0.4747384841920934
0.05,/Users/sadiq.adedayo/Documents/projects/others/calcium-transient-rising-flanks/outputs/validation_campaign/motorneurons_oasis/oasis_graphs/dff__f3t1__cgc__spikes.npz,,dff,13.0,2.574198071995626,oasis,1.0,0.5282088576859035,,,,,0.12637362637362637,182.0,True,3,dff,oasis_spikes,motoneuron-cgc-dataframe-v1,6f46cfc2dad791d242cd77c173790dfcb699c64facbe3d8b89f81629a870ed25,22.0,4.2329758699804225,3,oasis+cgc,cgc,directed_weighted_adjacency_after_oasis_preprocessing,7,1000,14,directed predictive adjacency after OASIS preprocessing,none,F3T1,oasis_spikes,23.0,9.0,1.6587777979847966,/Users/sadiq.adedayo/Documents/projects/others/calcium-transient-rising-flanks/outputs/validation_campaign/motorneurons_oasis/graph_summary_rows.csv,OASIS preprocessing followed by the named downstream graph estimator,4.761184727666326,1,1,oasis-graph|cgc|spikes|dff|F3T1,0.9033766766172182,0.3918703647116393
0.05,/Users/sadiq.adedayo/Documents/projects/others/calcium-transient-rising-flanks/outputs/validation_campaign/motorneurons_oasis/oasis_graphs/dff__f3t1__cgc__denoised.npz,,dff,11.0,2.128658992601843,oasis,0.0,0.0,,,,,0.12087912087912088,182.0,True,3,dff,oasis_denoised,motoneuron-cgc-dataframe-v1,6f46cfc2dad791d242cd77c173790dfcb699c64facbe3d8b89f81629a870ed25,22.0,4.042978965933522,3,oasis+cgc,cgc,directed_weighted_adjacency_after_oasis_preprocessing,7,1000,14,directed predictive adjacency after OASIS preprocessing,none,F3T1,oasis_denoised,22.0,11.0,1.9143199733316796,/Users/sadiq.adedayo/Documents/projects/others/calcium-transient-rising-flanks/outputs/validation_campaign/motorneurons_oasis/graph_summary_rows.csv,OASIS preprocessing followed by the named downstream graph estimator,4.042978965933522,1,1,oasis-graph|cgc|denoised|dff|F3T1,1.0,0.47349243947641056
0.05,/Users/sadiq.adedayo/Documents/projects/others/calcium-transient-rising-flanks/outputs/validation_campaign/motorneurons_oasis/oasis_graphs/dff__f3t1__cgc-star__spikes.npz,,dff,11.0,2.1696442813394854,oasis,1.0,0.3663610384634711,,,,,0.1043956043956044,182.0,True,3,dff,oasis_spikes,motoneuron-cgc-dataframe-v1,6f46cfc2dad791d242cd77c173790dfcb699c64facbe3d8b89f81629a870ed25,18.0,3.089297017583592,3,oasis+cgc-star,cgc-star,directed_weighted_adjacency_after_oasis_preprocessing,7,1000,14,directed predictive adjacency after OASIS preprocessing,none,F3T1,oasis_spikes,19.0,7.0,0.9196527362441065,/Users/sadiq.adedayo/Documents/projects/others/calcium-transient-rising-flanks/outputs/validation_campaign/motorneurons_oasis/graph_summary_rows.csv,OASIS preprocessing followed by the named downstream graph estimator,3.455658056047063,1,1,oasis-graph|cgc-star|spikes|dff|F3T1,0.9077301938451423,0.2976899699218455
0.05,/Users/sadiq.adedayo/Documents/projects/others/calcium-transient-rising-flanks/outputs/validation_campaign/motorneurons_oasis/oasis_graphs/dff__f3t1__cgc-star__denoised.npz,,dff,14.0,3.459597305099264,oasis,0.0,0.0,,,,,0.14835164835164835,182.0,True,3,dff,oasis_denoised,motoneuron-cgc-dataframe-v1,6f46cfc2dad791d242cd77c173790dfcb699c64facbe3d8b89f81629a870ed25,27.0,6.579971019290379,3,oasis+cgc-star,cgc-star,directed_weighted_adjacency_after_oasis_preprocessing,7,1000,14,directed predictive adjacency after OASIS preprocessing,none,F3T1,oasis_denoised,27.0,13.0,3.1203737141911154,/Users/sadiq.adedayo/Documents/projects/others/calcium-transient-rising-flanks/outputs/validation_campaign/motorneurons_oasis/graph_summary_rows.csv,OASIS preprocessing followed by the named downstream graph estimator,6.5799710192903795,1,1,oasis-graph|cgc-star|denoised|dff|F3T1,1.0,0.4742230178587677
0.05,/Users/sadiq.adedayo/Documents/projects/others/calcium-transient-rising-flanks/outputs/validation_campaign/motorneurons_oasis/oasis_graphs/dff__f3t2__cgc__spikes.npz,,dff,7.0,1.0038600813924985,oasis,0.0,0.0,,,,,0.17272727272727273,110.0,True,3,dff,oasis_spikes,motoneuron-cgc-dataframe-v1,ceed52f5abe215360784a65312ca79d7f7f206c48693c0c224022bbd26963e81,19.0,3.324958681403868,3,oasis+cgc,cgc,directed_weighted_adjacency_after_oasis_preprocessing,6,1000,11,directed predictive adjacency after OASIS preprocessing,none,F3T2,oasis_spikes,19.0,12.0,2.321098600011369,/Users/sadiq.adedayo/Documents/projects/others/calcium-transient-rising-flanks/outputs/validation_campaign/motorneurons_oasis/graph_summary_rows.csv,OASIS preprocessing followed by the named downstream graph estimator,3.324958681403868,2,2,oasis-graph|cgc|spikes|dff|F3T2,1.0,0.6980834417561401
0.05,/Users/sadiq.adedayo/Documents/projects/others/calcium-transient-rising-flanks/outputs/validation_campaign/motorneurons_oasis/oasis_graphs/dff__f3t2__cgc__denoised.npz,,dff,7.0,1.0107252610050304,oasis,0.0,0.0,,,,,0.20909090909090908,110.0,True,3,dff,oasis_denoised,motoneuron-cgc-dataframe-v1,ceed52f5abe215360784a65312ca79d7f7f206c48693c0c224022bbd26963e81,23.0,3.6158081218501223,3,oasis+cgc,cgc,directed_weighted_adjacency_after_oasis_preprocessing,6,1000,11,directed predictive adjacency after OASIS preprocessing,none,F3T2,oasis_denoised,23.0,16.0,2.6050828608450924,/Users/sadiq.adedayo/Documents/projects/others/calcium-transient-rising-flanks/outputs/validation_campaign/motorneurons_oasis/graph_summary_rows.csv,OASIS preprocessing followed by the named downstream graph estimator,3.6158081218501223,2,2,oasis-graph|cgc|denoised|dff|F3T2,1.0,0.7204704378815693
0.05,/Users/sadiq.adedayo/Documents/projects/others/calcium-transient-rising-flanks/outputs/validation_campaign/motorneurons_oasis/oasis_graphs/dff__f3t2__cgc-star__spikes.npz,,dff,10.0,2.23867990610693,oasis,0.0,0.0,,,,,0.23636363636363636,110.0,True,3,dff,oasis_spikes,motoneuron-cgc-dataframe-v1,ceed52f5abe215360784a65312ca79d7f7f206c48693c0c224022bbd26963e81,26.0,4.6478421700949495,3,oasis+cgc-star,cgc-star,directed_weighted_adjacency_after_oasis_preprocessing,6,1000,11,directed predictive adjacency after OASIS preprocessing,none,F3T2,oasis_spikes,26.0,16.0,2.409162263988019,/Users/sadiq.adedayo/Documents/projects/others/calcium-transient-rising-flanks/outputs/validation_campaign/motorneurons_oasis/graph_summary_rows.csv,OASIS preprocessing followed by the named downstream graph estimator,4.647842170094949,2,2,oasis-graph|cgc-star|spikes|dff|F3T2,1.0,0.5183399469734582
0.05,/Users/sadiq.adedayo/Documents/projects/others/calcium-transient-rising-flanks/outputs/validation_campaign/motorneurons_oasis/oasis_graphs/dff__f3t2__cgc-star__denoised.npz,,dff,14.0,4.277730503829703,oasis,0.0,0.0,,,,,0.2818181818181818,110.0,True,3,dff,oasis_denoised,motoneuron-cgc-dataframe-v1,ceed52f5abe215360784a65312ca79d7f7f206c48693c0c224022bbd26963e81,31.0,8.423882361828412,3,oasis+cgc-star,cgc-star,directed_weighted_adjacency_after_oasis_preprocessing,6,1000,11,directed predictive adjacency after OASIS preprocessing,none,F3T2,oasis_denoised,31.0,17.0,4.14615185799871,/Users/sadiq.adedayo/Documents/projects/others/calcium-transient-rising-flanks/outputs/validation_campaign/motorneurons_oasis/graph_summary_rows.csv,OASIS preprocessing followed by the named downstream graph estimator,8.423882361828412,2,2,oasis-graph|cgc-star|denoised|dff|F3T2,1.0,0.4921901422539314
0.05,/Users/sadiq.adedayo/Documents/projects/others/calcium-transient-rising-flanks/outputs/validation_campaign/motorneurons_oasis/oasis_graphs/dff__f5t2__cgc__spikes.npz,,dff,32.0,4.758235454889162,oasis,0.0,0.0,,,,,0.21691176470588236,272.0,True,5,dff,oasis_spikes,motoneuron-cgc-dataframe-v1,9ea5d3add7fc4c00cf97a0ec38957e6ce51e15c01c935ac1a68c4c90e604737f,59.0,8.60075297087819,3,oasis+cgc,cgc,directed_weighted_adjacency_after_oasis_preprocessing,9,1000,17,directed predictive adjacency after OASIS preprocessing,none,F5T2,oasis_spikes,59.0,27.0,3.8425175159890292,/Users/sadiq.adedayo/Documents/projects/others/calcium-transient-rising-flanks/outputs/validation_campaign/motorneurons_oasis/graph_summary_rows.csv,OASIS preprocessing followed by the named downstream graph estimator,8.600752970878192,2,2,oasis-graph|cgc|spikes|dff|F5T2,1.0,0.4467652459034275
0.05,/Users/sadiq.adedayo/Documents/projects/others/calcium-transient-rising-flanks/outputs/validation_campaign/motorneurons_oasis/oasis_graphs/dff__f5t2__cgc__denoised.npz,,dff,35.0,5.115938605443649,oasis,0.0,0.0,,,,,0.25,272.0,True,5,dff,oasis_denoised,motoneuron-cgc-dataframe-v1,9ea5d3add7fc4c00cf97a0ec38957e6ce51e15c01c935ac1a68c4c90e604737f,68.0,9.673527412817407,3,oasis+cgc,cgc,directed_weighted_adjacency_after_oasis_preprocessing,9,1000,17,directed predictive adjacency after OASIS preprocessing,none,F5T2,oasis_denoised,68.0,33.0,4.557588807373758,/Users/sadiq.adedayo/Documents/projects/others/calcium-transient-rising-flanks/outputs/validation_campaign/motorneurons_oasis/graph_summary_rows.csv,OASIS preprocessing followed by the named downstream graph estimator,9.673527412817407,2,2,oasis-graph|cgc|denoised|dff|F5T2,1.0,0.4711403206791931
0.05,/Users/sadiq.adedayo/Documents/projects/others/calcium-transient-rising-flanks/outputs/validation_campaign/motorneurons_oasis/oasis_graphs/dff__f5t2__cgc-star__spikes.npz,,dff,30.0,4.378758242434471,oasis,0.0,0.0,,,,,0.21323529411764705,272.0,True,5,dff,oasis_spikes,motoneuron-cgc-dataframe-v1,9ea5d3add7fc4c00cf97a0ec38957e6ce51e15c01c935ac1a68c4c90e604737f,58.0,8.780158141162525,3,oasis+cgc-star,cgc-star,directed_weighted_adjacency_after_oasis_preprocessing,9,1000,17,directed predictive adjacency after OASIS preprocessing,none,F5T2,oasis_spikes,58.0,28.0,4.401399898728053,/Users/sadiq.adedayo/Documents/projects/others/calcium-transient-rising-flanks/outputs/validation_campaign/motorneurons_oasis/graph_summary_rows.csv,OASIS preprocessing followed by the named downstream graph estimator,8.780158141162524,2,2,oasis-graph|cgc-star|spikes|dff|F5T2,1.0,0.5012893649481913
0.05,/Users/sadiq.adedayo/Documents/projects/others/calcium-transient-rising-flanks/outputs/validation_campaign/motorneurons_oasis/oasis_graphs/dff__f5t2__cgc-star__denoised.npz,,dff,41.0,7.424205715025786,oasis,0.0,0.0,,,,,0.3125,272.0,True,5,dff,oasis_denoised,motoneuron-cgc-dataframe-v1,9ea5d3add7fc4c00cf97a0ec38957e6ce51e15c01c935ac1a68c4c90e604737f,85.0,15.838947947426147,3,oasis+cgc-star,cgc-star,directed_weighted_adjacency_after_oasis_preprocessing,9,1000,17,directed predictive adjacency after OASIS preprocessing,none,F5T2,oasis_denoised,85.0,44.0,8.41474223240036,/Users/sadiq.adedayo/Documents/projects/others/calcium-transient-rising-flanks/outputs/validation_campaign/motorneurons_oasis/graph_summary_rows.csv,OASIS preprocessing followed by the named downstream graph estimator,15.83894794742615,2,2,oasis-graph|cgc-star|denoised|dff|F5T2,1.0,0.5312690123315779
0.05,/Users/sadiq.adedayo/Documents/projects/others/calcium-transient-rising-flanks/outputs/validation_campaign/motorneurons_oasis/oasis_graphs/f-smooth__f3t1__cgc__spikes.npz,,f_smooth,12.0,2.3475791637205905,oasis,1.0,0.5860751866795674,,,,,0.14285714285714285,182.0,True,3,f_smooth,oasis_spikes,motoneuron-cgc-dataframe-v1,037c172d52d70369086b2a8ac83877952e50370ad4cfce159ca18b63a0879768,25.0,4.606375263711026,3,oasis+cgc,cgc,directed_weighted_adjacency_after_oasis_preprocessing,7,1000,14,directed predictive adjacency after OASIS preprocessing,none,F3T1,oasis_spikes,26.0,13.0,2.2587960999904357,/Users/sadiq.adedayo/Documents/projects/others/calcium-transient-rising-flanks/outputs/validation_campaign/motorneurons_oasis/graph_summary_rows.csv,OASIS preprocessing followed by the named downstream graph estimator,5.192450450390593,1,1,oasis-graph|cgc|spikes|f_smooth|F3T1,0.9016682012937273,0.49036302313126906
0.05,/Users/sadiq.adedayo/Documents/projects/others/calcium-transient-rising-flanks/outputs/validation_campaign/motorneurons_oasis/oasis_graphs/f-smooth__f3t1__cgc__denoised.npz,,f_smooth,9.0,1.6478570080609503,oasis,0.0,0.0,,,,,0.12087912087912088,182.0,True,3,f_smooth,oasis_denoised,motoneuron-cgc-dataframe-v1,037c172d52d70369086b2a8ac83877952e50370ad4cfce159ca18b63a0879768,22.0,3.868073379355154,3,oasis+cgc,cgc,directed_weighted_adjacency_after_oasis_preprocessing,7,1000,14,directed predictive adjacency after OASIS preprocessing,none,F3T1,oasis_denoised,22.0,13.0,2.2202163712942036,/Users/sadiq.adedayo/Documents/projects/others/calcium-transient-rising-flanks/outputs/validation_campaign/motorneurons_oasis/graph_summary_rows.csv,OASIS preprocessing followed by the named downstream graph estimator,3.8680733793551543,1,1,oasis-graph|cgc|denoised|f_smooth|F3T1,1.0,0.5739850704860039
0.05,/Users/sadiq.adedayo/Documents/projects/others/calcium-transient-rising-flanks/outputs/validation_campaign/motorneurons_oasis/oasis_graphs/f-smooth__f3t1__cgc-star__spikes.npz,,f_smooth,7.0,1.4890375219212202,oasis,1.0,0.42245365306694344,,,,,0.08791208791208792,182.0,True,3,f_smooth,oasis_spikes,motoneuron-cgc-dataframe-v1,037c172d52d70369086b2a8ac83877952e50370ad4cfce159ca18b63a0879768,15.0,2.886612240937765,3,oasis+cgc-star,cgc-star,directed_weighted_adjacency_after_oasis_preprocessing,7,1000,14,directed predictive adjacency after OASIS preprocessing,none,F3T1,oasis_spikes,16.0,8.0,1.3975747190165446,/Users/sadiq.adedayo/Documents/projects/others/calcium-transient-rising-flanks/outputs/validation_campaign/motorneurons_oasis/graph_summary_rows.csv,OASIS preprocessing followed by the named downstream graph estimator,3.3090658940047084,1,1,oasis-graph|cgc-star|spikes|f_smooth|F3T1,0.8885395949716781,0.4841574144238087
0.05,/Users/sadiq.adedayo/Documents/projects/others/calcium-transient-rising-flanks/outputs/validation_campaign/motorneurons_oasis/oasis_graphs/f-smooth__f3t1__cgc-star__denoised.npz,,f_smooth,13.0,3.3518908104545795,oasis,0.0,0.0,,,,,0.13736263736263737,182.0,True,3,f_smooth,oasis_denoised,motoneuron-cgc-dataframe-v1,037c172d52d70369086b2a8ac83877952e50370ad4cfce159ca18b63a0879768,25.0,6.284692842395888,3,oasis+cgc-star,cgc-star,directed_weighted_adjacency_after_oasis_preprocessing,7,1000,14,directed predictive adjacency after OASIS preprocessing,none,F3T1,oasis_denoised,25.0,12.0,2.932802031941309,/Users/sadiq.adedayo/Documents/projects/others/calcium-transient-rising-flanks/outputs/validation_campaign/motorneurons_oasis/graph_summary_rows.csv,OASIS preprocessing followed by the named downstream graph estimator,6.284692842395888,1,1,oasis-graph|cgc-star|denoised|f_smooth|F3T1,1.0,0.46665797446088847
0.05,/Users/sadiq.adedayo/Documents/projects/others/calcium-transient-rising-flanks/outputs/validation_campaign/motorneurons_oasis/oasis_graphs/f-smooth__f3t2__cgc__spikes.npz,,f_smooth,8.0,1.1709099103909382,oasis,0.0,0.0,,,,,0.19090909090909092,110.0,True,3,f_smooth,oasis_spikes,motoneuron-cgc-dataframe-v1,aabdef16b22b4fd004b3acd7e895e4c509c52b725f198bea0af6caefddcfa22a,21.0,3.650024512756063,3,oasis+cgc,cgc,directed_weighted_adjacency_after_oasis_preprocessing,6,1000,11,directed predictive adjacency after OASIS preprocessing,none,F3T2,oasis_spikes,21.0,13.0,2.479114602365125,/Users/sadiq.adedayo/Documents/projects/others/calcium-transient-rising-flanks/outputs/validation_campaign/motorneurons_oasis/graph_summary_rows.csv,OASIS preprocessing followed by the named downstream graph estimator,3.6500245127560635,2,2,oasis-graph|cgc|spikes|f_smooth|F3T2,1.0,0.6792049186796264
0.05,/Users/sadiq.adedayo/Documents/projects/others/calcium-transient-rising-flanks/outputs/validation_campaign/motorneurons_oasis/oasis_graphs/f-smooth__f3t2__cgc__denoised.npz,,f_smooth,7.0,1.1101965815353851,oasis,0.0,0.0,,,,,0.18181818181818182,110.0,True,3,f_smooth,oasis_denoised,motoneuron-cgc-dataframe-v1,aabdef16b22b4fd004b3acd7e895e4c509c52b725f198bea0af6caefddcfa22a,20.0,3.6984781197509196,3,oasis+cgc,cgc,directed_weighted_adjacency_after_oasis_preprocessing,6,1000,11,directed predictive adjacency after OASIS preprocessing,none,F3T2,oasis_denoised,20.0,13.0,2.5882815382155346,/Users/sadiq.adedayo/Documents/projects/others/calcium-transient-rising-flanks/outputs/validation_campaign/motorneurons_oasis/graph_summary_rows.csv,OASIS preprocessing followed by the named downstream graph estimator,3.6984781197509196,2,2,oasis-graph|cgc|denoised|f_smooth|F3T2,1.0,0.6998234015211227
0.05,/Users/sadiq.adedayo/Documents/projects/others/calcium-transient-rising-flanks/outputs/validation_campaign/motorneurons_oasis/oasis_graphs/f-smooth__f3t2__cgc-star__spikes.npz,,f_smooth,10.0,2.596068591381288,oasis,0.0,0.0,,,,,0.18181818181818182,110.0,True,3,f_smooth,oasis_spikes,motoneuron-cgc-dataframe-v1,aabdef16b22b4fd004b3acd7e895e4c509c52b725f198bea0af6caefddcfa22a,20.0,4.549198296577932,3,oasis+cgc-star,cgc-star,directed_weighted_adjacency_after_oasis_preprocessing,6,1000,11,directed predictive adjacency after OASIS preprocessing,none,F3T2,oasis_spikes,20.0,10.0,1.9531297051966434,/Users/sadiq.adedayo/Documents/projects/others/calcium-transient-rising-flanks/outputs/validation_campaign/motorneurons_oasis/graph_summary_rows.csv,OASIS preprocessing followed by the named downstream graph estimator,4.549198296577932,2,2,oasis-graph|cgc-star|spikes|f_smooth|F3T2,1.0,0.42933492406032436
0.05,/Users/sadiq.adedayo/Documents/projects/others/calcium-transient-rising-flanks/outputs/validation_campaign/motorneurons_oasis/oasis_graphs/f-smooth__f3t2__cgc-star__denoised.npz,,f_smooth,16.0,4.625487534138836,oasis,0.0,0.0,,,,,0.2909090909090909,110.0,True,3,f_smooth,oasis_denoised,motoneuron-cgc-dataframe-v1,aabdef16b22b4fd004b3acd7e895e4c509c52b725f198bea0af6caefddcfa22a,32.0,8.866419285647384,3,oasis+cgc-star,cgc-star,directed_weighted_adjacency_after_oasis_preprocessing,6,1000,11,directed predictive adjacency after OASIS preprocessing,none,F3T2,oasis_denoised,32.0,16.0,4.240931751508546,/Users/sadiq.adedayo/Documents/projects/others/calcium-transient-rising-flanks/outputs/validation_campaign/motorneurons_oasis/graph_summary_rows.csv,OASIS preprocessing followed by the named downstream graph estimator,8.866419285647384,2,2,oasis-graph|cgc-star|denoised|f_smooth|F3T2,1.0,0.47831391849171884
0.05,/Users/sadiq.adedayo/Documents/projects/others/calcium-transient-rising-flanks/outputs/validation_campaign/motorneurons_oasis/oasis_graphs/f-smooth__f5t2__cgc__spikes.npz,,f_smooth,30.0,4.754833697118232,oasis,0.0,0.0,,,,,0.20955882352941177,272.0,True,5,f_smooth,oasis_spikes,motoneuron-cgc-dataframe-v1,2cb6f2c27c3091ec672703edaf997d1bac55834949033ec3e7cf21b4afda0d52,57.0,8.934742799722182,3,oasis+cgc,cgc,directed_weighted_adjacency_after_oasis_preprocessing,9,1000,17,directed predictive adjacency after OASIS preprocessing,none,F5T2,oasis_spikes,57.0,27.0,4.179909102603949,/Users/sadiq.adedayo/Documents/projects/others/calcium-transient-rising-flanks/outputs/validation_campaign/motorneurons_oasis/graph_summary_rows.csv,OASIS preprocessing followed by the named downstream graph estimator,8.934742799722182,2,2,oasis-graph|cgc|spikes|f_smooth|F5T2,1.0,0.4678264608505485
0.05,/Users/sadiq.adedayo/Documents/projects/others/calcium-transient-rising-flanks/outputs/validation_campaign/motorneurons_oasis/oasis_graphs/f-smooth__f5t2__cgc__denoised.npz,,f_smooth,35.0,5.553143305940511,oasis,0.0,0.0,,,,,0.26838235294117646,272.0,True,5,f_smooth,oasis_denoised,motoneuron-cgc-dataframe-v1,2cb6f2c27c3091ec672703edaf997d1bac55834949033ec3e7cf21b4afda0d52,73.0,10.88066442504892,3,oasis+cgc,cgc,directed_weighted_adjacency_after_oasis_preprocessing,9,1000,17,directed predictive adjacency after OASIS preprocessing,none,F5T2,oasis_denoised,73.0,38.0,5.327521119108409,/Users/sadiq.adedayo/Documents/projects/others/calcium-transient-rising-flanks/outputs/validation_campaign/motorneurons_oasis/graph_summary_rows.csv,OASIS preprocessing followed by the named downstream graph estimator,10.88066442504892,2,2,oasis-graph|cgc|denoised|f_smooth|F5T2,1.0,0.48963196648576507
0.05,/Users/sadiq.adedayo/Documents/projects/others/calcium-transient-rising-flanks/outputs/validation_campaign/motorneurons_oasis/oasis_graphs/f-smooth__f5t2__cgc-star__spikes.npz,,f_smooth,32.0,5.269840556908873,oasis,0.0,0.0,,,,,0.24632352941176472,272.0,True,5,f_smooth,oasis_spikes,motoneuron-cgc-dataframe-v1,2cb6f2c27c3091ec672703edaf997d1bac55834949033ec3e7cf21b4afda0d52,67.0,11.049932406301537,3,oasis+cgc-star,cgc-star,directed_weighted_adjacency_after_oasis_preprocessing,9,1000,17,directed predictive adjacency after OASIS preprocessing,none,F5T2,oasis_spikes,67.0,35.0,5.780091849392665,/Users/sadiq.adedayo/Documents/projects/others/calcium-transient-rising-flanks/outputs/validation_campaign/motorneurons_oasis/graph_summary_rows.csv,OASIS preprocessing followed by the named downstream graph estimator,11.049932406301537,2,2,oasis-graph|cgc-star|spikes|f_smooth|F5T2,1.0,0.5230884350112769
0.05,/Users/sadiq.adedayo/Documents/projects/others/calcium-transient-rising-flanks/outputs/validation_campaign/motorneurons_oasis/oasis_graphs/f-smooth__f5t2__cgc-star__denoised.npz,,f_smooth,47.0,8.604289854216068,oasis,0.0,0.0,,,,,0.3492647058823529,272.0,True,5,f_smooth,oasis_denoised,motoneuron-cgc-dataframe-v1,2cb6f2c27c3091ec672703edaf997d1bac55834949033ec3e7cf21b4afda0d52,95.0,17.865850464014066,3,oasis+cgc-star,cgc-star,directed_weighted_adjacency_after_oasis_preprocessing,9,1000,17,directed predictive adjacency after OASIS preprocessing,none,F5T2,oasis_denoised,95.0,48.0,9.261560609797996,/Users/sadiq.adedayo/Documents/projects/others/calcium-transient-rising-flanks/outputs/validation_campaign/motorneurons_oasis/graph_summary_rows.csv,OASIS preprocessing followed by the named downstream graph estimator,17.865850464014066,2,2,oasis-graph|cgc-star|denoised|f_smooth|F5T2,1.0,0.5183946114657632
