case,caudorostral_edges_mean,caudorostral_weight_mean,contralateral_edges_mean,contralateral_weight_mean,dataset,delta_w_ic_rise_minus_fall_mean,delta_w_rc_rise_minus_fall_mean,edge_density_mean,edge_opportunities_mean,fluo_type,ipsilateral_edges_mean,ipsilateral_weight_mean,method,n_rows,recordings,representation,retained_edges_mean,rostrocaudal_edges_mean,rostrocaudal_weight_mean,total_weight_mean,w_ic_mean,w_rc_mean
dff,17.666666666666668,2.7517742863501744,0.0,0.0,,,,0.1933233433233433,188.0,dff,37.666666666666664,5.777438166867017,oasis+cgc,3,F3T1;F3T2;F5T2,oasis_denoised,37.666666666666664,20.0,3.025663880516843,5.777438166867017,1.0,0.5550343993457243
dff,17.333333333333332,2.7787645360924285,0.3333333333333333,0.1760696192286345,,,,0.17200422126892714,188.0,dff,33.333333333333336,5.386229174087494,oasis+cgc,3,F3T1;F3T2;F5T2,oasis_spikes,33.666666666666664,16.0,2.607464637995065,5.5622987933161285,0.9677922255390726,0.5122396841237357
f_smooth,17.0,2.7703989651789485,0.0,0.0,,,,0.1903598852128264,188.0,f_smooth,38.333333333333336,6.149071974718331,oasis+cgc,3,F3T1;F3T2;F5T2,oasis_denoised,38.333333333333336,21.333333333333332,3.378673009539382,6.149071974718332,1.0,0.5878134794976305
f_smooth,16.666666666666668,2.757774257076587,0.3333333333333333,0.1953583955598558,,,,0.18110835243188184,188.0,f_smooth,34.333333333333336,5.730380858729757,oasis+cgc,3,F3T1;F3T2;F5T2,oasis_spikes,34.666666666666664,17.666666666666668,2.9726066016531703,5.925739254289613,0.9672227337645758,0.5457981342204813
dff,23.0,5.053844507984917,0.0,0.0,,,,0.24755661005661003,188.0,dff,47.666666666666664,10.280933776181646,oasis+cgc-star,3,F3T1;F3T2;F5T2,oasis_denoised,47.666666666666664,24.666666666666668,5.227089268196729,10.280933776181646,1.0,0.4992273908147589
dff,17.0,2.929027476626962,0.3333333333333333,0.12212034615449037,,,,0.1846648449589626,188.0,dff,34.0,5.505765776280356,oasis+cgc-star,3,F3T1;F3T2;F5T2,oasis_spikes,34.333333333333336,17.0,2.576738299653393,5.627886122434845,0.9692433979483809,0.43910642728116506
f_smooth,25.333333333333332,5.527222732936494,0.0,0.0,,,,0.25917881138469373,188.0,f_smooth,50.666666666666664,11.005654197352447,oasis+cgc-star,3,F3T1;F3T2;F5T2,oasis_denoised,50.666666666666664,25.333333333333332,5.478431464415951,11.005654197352447,1.0,0.48778883480612345
f_smooth,16.333333333333332,3.118315556737127,0.3333333333333333,0.14081788435564782,,,,0.1720179330473448,188.0,f_smooth,34.0,6.1619143146057445,oasis+cgc-star,3,F3T1;F3T2;F5T2,oasis_spikes,34.333333333333336,17.666666666666668,3.0435987578686174,6.302732198961391,0.962846531657226,0.47886025783180336
dff,30.333333333333332,26.021098572939618,4.0,1.375645413296229,motoneurons,0.09450618082273692,-0.007317480541312445,0.3598049009813716,188.0,dff,64.0,54.0364650759447,cgc,3,F3T1;F3T2;F5T2,deconvolved,68.0,33.666666666666664,28.015366503005083,55.41211048924092,0.9767145776151991,0.5258667177961792
dff,27.666666666666668,23.889227450346397,19.333333333333332,8.95839017605259,motoneurons,0.09450618082273692,-0.007317480541312445,0.4085035062976239,188.0,dff,57.0,49.287902253377474,cgc,3,F3T1;F3T2;F5T2,fall,76.33333333333333,29.333333333333332,25.39867480303108,58.24629242943007,0.8678439908929706,0.5106752416387376
dff,26.666666666666668,22.967358085954896,19.333333333333332,12.010517665949292,motoneurons,0.09450618082273692,-0.007317480541312445,0.4016632876926995,188.0,dff,54.0,46.5521427519806,cgc,3,F3T1;F3T2;F5T2,fall_residual,73.33333333333333,27.333333333333332,23.584784666025698,58.562660417929884,0.8097356405970654,0.5057661583681065
dff,30.0,26.203860590934596,8.0,2.4475756606205787,motoneurons,0.09450618082273692,-0.007317480541312445,0.3537582515523692,188.0,dff,60.333333333333336,52.13119228477757,cgc,3,F3T1;F3T2;F5T2,full_trace,68.33333333333333,30.333333333333332,25.92733169384297,54.57876794539814,0.9737512614372222,0.5021426426768792
dff,32.0,27.6037772608428,7.666666666666667,2.389176193237182,motoneurons,0.09450618082273692,-0.007317480541312445,0.37444393841452667,188.0,dff,63.333333333333336,54.5865914975408,cgc,3,F3T1;F3T2;F5T2,rise,71.0,31.333333333333332,26.982814236698005,56.97576769077799,0.9623501717157076,0.503357761097425
f_smooth,26.0,23.02408622212253,0.0,0.0,motoneurons,0.0021789285222728605,0.01130668130604188,0.30127641965877255,188.0,f_smooth,57.666666666666664,49.59133416267654,cgc,3,F3T1;F3T2;F5T2,deconvolved,57.666666666666664,31.666666666666668,26.56724794055401,49.59133416267654,1.0,0.5433953669548203
f_smooth,25.0,22.144514876968866,0.3333333333333333,0.11332724569650487,motoneurons,0.0021789285222728605,0.01130668130604188,0.2714055552290846,188.0,f_smooth,51.333333333333336,44.826635292254956,cgc,3,F3T1;F3T2;F5T2,fall,51.666666666666664,26.333333333333332,22.682120415286082,44.93996253795145,0.9978210714777273,0.5186173035349628
f_smooth,24.0,19.568429564738466,0.3333333333333333,0.07812597074777776,motoneurons,0.0021789285222728605,0.01130668130604188,0.26459227047462336,188.0,f_smooth,49.0,39.118397856972564,cgc,3,F3T1;F3T2;F5T2,fall_residual,49.333333333333336,25.0,19.549968292234098,39.19652382772034,0.9980428605091126,0.5068918327593525
f_smooth,26.333333333333332,23.892285724255228,0.0,0.0,motoneurons,0.0021789285222728605,0.01130668130604188,0.28056355409296585,188.0,f_smooth,54.0,48.22939357215294,cgc,3,F3T1;F3T2;F5T2,full_trace,54.0,27.666666666666668,24.33710784789771,48.22939357215294,1.0,0.5247356245592545
f_smooth,27.0,24.2747995101174,0.0,0.0,motoneurons,0.0021789285222728605,0.01130668130604188,0.3121052966641202,188.0,f_smooth,57.666666666666664,50.56733737160793,cgc,3,F3T1;F3T2;F5T2,rise,57.666666666666664,30.666666666666668,26.29253786149053,50.56733737160792,1.0,0.5299239848410047
dff,29.666666666666668,25.399204848443123,4.0,1.375645413296229,motoneurons,0.10018347795237736,0.004281871580407437,0.3384860237801415,188.0,dff,60.333333333333336,51.458586837432875,cgc-star,3,F3T1;F3T2;F5T2,deconvolved,64.33333333333333,30.666666666666668,26.059381988989756,52.83423225072911,0.975601381645522,0.5054442033354786
dff,29.0,24.90363208275414,20.0,9.23937299282557,motoneurons,0.10018347795237736,0.004281871580407437,0.41219319895790485,188.0,dff,57.333333333333336,49.438442155553226,cgc-star,3,F3T1;F3T2;F5T2,fall,77.33333333333333,28.333333333333332,24.53481007279909,58.677815148378805,0.8673985968403741,0.49588162968157995
dff,27.0,23.278719557324603,19.0,11.532196892778666,motoneurons,0.10018347795237736,0.004281871580407437,0.40104380913204446,188.0,dff,54.0,46.5900484891496,cgc-star,3,F3T1;F3T2;F5T2,fall_residual,73.0,27.0,23.31132893182499,58.12224538192826,0.8167650241452171,0.5014935456292231
dff,29.666666666666668,25.894284759576994,9.333333333333334,2.906638489243614,motoneurons,0.10018347795237736,0.004281871580407437,0.3483039019803726,188.0,dff,58.666666666666664,51.17895052468259,cgc-star,3,F3T1;F3T2;F5T2,full_trace,68.0,29.0,25.28466576510559,54.0855890139262,0.9694521591054662,0.49987300428108866
dff,32.0,27.75449519744363,6.666666666666667,2.0412441736813607,motoneurons,0.10018347795237736,0.004281871580407437,0.3713602573896691,188.0,dff,63.333333333333336,54.59106277335926,cgc-star,3,F3T1;F3T2;F5T2,rise,70.0,31.333333333333332,26.836567575915637,56.63230694704063,0.9675820747927516,0.5001635012619874
f_smooth,25.333333333333332,22.224482892680054,0.0,0.0,motoneurons,0.0021864232279142173,-0.02135954342054876,0.27630776086658443,188.0,f_smooth,53.333333333333336,46.22917620312298,cgc-star,3,F3T1;F3T2;F5T2,deconvolved,53.333333333333336,28.0,24.004693310442928,46.22917620312298,1.0,0.5294643928177468
f_smooth,25.666666666666668,22.67689616580417,0.3333333333333333,0.11332724569650487,motoneurons,0.0021864232279142173,-0.02135954342054876,0.281142631877926,188.0,f_smooth,53.0,46.16114111041437,cgc-star,3,F3T1;F3T2;F5T2,fall,53.333333333333336,27.333333333333332,23.484244944610197,46.274468356110866,0.9978135767720858,0.5163372064598225
f_smooth,22.0,18.03969875015977,0.0,0.0,motoneurons,0.0021864232279142173,-0.02135954342054876,0.24445872754696285,188.0,f_smooth,45.333333333333336,36.41538255363221,cgc-star,3,F3T1;F3T2;F5T2,fall_residual,45.333333333333336,23.333333333333332,18.375683803472445,36.41538255363222,1.0,0.5131617875874604
f_smooth,26.333333333333332,23.836785112743247,0.0,0.0,motoneurons,0.0021864232279142173,-0.02135954342054876,0.2708534112945878,188.0,f_smooth,53.0,47.843782545172765,cgc-star,3,F3T1;F3T2;F5T2,full_trace,53.0,26.666666666666668,24.006997432429518,47.84378254517278,1.0,0.5011492962990217
f_smooth,27.666666666666668,24.580306717909185,0.0,0.0,motoneurons,0.0021864232279142173,-0.02135954342054876,0.28898160662866546,188.0,f_smooth,54.0,48.15251853329513,cgc-star,3,F3T1;F3T2;F5T2,rise,54.0,26.333333333333332,23.572211815385945,48.15251853329513,1.0,0.4949776630392737
published,,,,,motoneurons,,,,,,,,chen_improved_gc,1,published aggregate,published,,,,,1.0,
