case,delta_w_ic_rise_minus_fall_mean,delta_w_rc_rise_minus_fall_mean,edge_density_mean,manuscript_role,method,recordings,representation,retained_edges_mean,total_weight_mean,w_ic_mean,w_rc_mean
dff,0.09450618082273692,-0.007317480541312445,0.3598049009813716,deconvolved-trace comparator,cgc,F3T1;F3T2;F5T2,deconvolved,68.0,55.41211048924092,0.9767145776151991,0.5258667177961792
dff,0.09450618082273692,-0.007317480541312445,0.4085035062976239,falling-flank negative comparator,cgc,F3T1;F3T2;F5T2,fall,76.33333333333333,58.24629242943007,0.8678439908929706,0.5106752416387376
dff,0.09450618082273692,-0.007317480541312445,0.4016632876926995,falling-residual negative comparator,cgc,F3T1;F3T2;F5T2,fall_residual,73.33333333333333,58.562660417929884,0.8097356405970654,0.5057661583681065
dff,0.09450618082273692,-0.007317480541312445,0.3537582515523692,full-trace method baseline,cgc,F3T1;F3T2;F5T2,full_trace,68.33333333333333,54.57876794539814,0.9737512614372222,0.5021426426768792
dff,0.09450618082273692,-0.007317480541312445,0.37444393841452667,primary rising-flank candidate,cgc,F3T1;F3T2;F5T2,rise,71.0,56.97576769077799,0.9623501717157076,0.503357761097425
f_smooth,0.0021789285222728605,0.01130668130604188,0.30127641965877255,deconvolved-trace comparator,cgc,F3T1;F3T2;F5T2,deconvolved,57.666666666666664,49.59133416267654,1.0,0.5433953669548203
f_smooth,0.0021789285222728605,0.01130668130604188,0.2714055552290846,falling-flank negative comparator,cgc,F3T1;F3T2;F5T2,fall,51.666666666666664,44.93996253795145,0.9978210714777273,0.5186173035349628
f_smooth,0.0021789285222728605,0.01130668130604188,0.26459227047462336,falling-residual negative comparator,cgc,F3T1;F3T2;F5T2,fall_residual,49.333333333333336,39.19652382772034,0.9980428605091126,0.5068918327593525
f_smooth,0.0021789285222728605,0.01130668130604188,0.28056355409296585,full-trace method baseline,cgc,F3T1;F3T2;F5T2,full_trace,54.0,48.22939357215294,1.0,0.5247356245592545
f_smooth,0.0021789285222728605,0.01130668130604188,0.3121052966641202,primary rising-flank candidate,cgc,F3T1;F3T2;F5T2,rise,57.666666666666664,50.56733737160792,1.0,0.5299239848410047
dff,0.10018347795237736,0.004281871580407437,0.3384860237801415,deconvolved-trace comparator,cgc-star,F3T1;F3T2;F5T2,deconvolved,64.33333333333333,52.83423225072911,0.975601381645522,0.5054442033354786
dff,0.10018347795237736,0.004281871580407437,0.41219319895790485,falling-flank negative comparator,cgc-star,F3T1;F3T2;F5T2,fall,77.33333333333333,58.677815148378805,0.8673985968403741,0.49588162968157995
dff,0.10018347795237736,0.004281871580407437,0.40104380913204446,falling-residual negative comparator,cgc-star,F3T1;F3T2;F5T2,fall_residual,73.0,58.12224538192826,0.8167650241452171,0.5014935456292231
dff,0.10018347795237736,0.004281871580407437,0.3483039019803726,full-trace method baseline,cgc-star,F3T1;F3T2;F5T2,full_trace,68.0,54.0855890139262,0.9694521591054662,0.49987300428108866
dff,0.10018347795237736,0.004281871580407437,0.3713602573896691,primary rising-flank candidate,cgc-star,F3T1;F3T2;F5T2,rise,70.0,56.63230694704063,0.9675820747927516,0.5001635012619874
f_smooth,0.0021864232279142173,-0.02135954342054876,0.27630776086658443,deconvolved-trace comparator,cgc-star,F3T1;F3T2;F5T2,deconvolved,53.333333333333336,46.22917620312298,1.0,0.5294643928177468
f_smooth,0.0021864232279142173,-0.02135954342054876,0.281142631877926,falling-flank negative comparator,cgc-star,F3T1;F3T2;F5T2,fall,53.333333333333336,46.274468356110866,0.9978135767720858,0.5163372064598225
f_smooth,0.0021864232279142173,-0.02135954342054876,0.24445872754696285,falling-residual negative comparator,cgc-star,F3T1;F3T2;F5T2,fall_residual,45.333333333333336,36.41538255363222,1.0,0.5131617875874604
f_smooth,0.0021864232279142173,-0.02135954342054876,0.2708534112945878,full-trace method baseline,cgc-star,F3T1;F3T2;F5T2,full_trace,53.0,47.84378254517278,1.0,0.5011492962990217
f_smooth,0.0021864232279142173,-0.02135954342054876,0.28898160662866546,primary rising-flank candidate,cgc-star,F3T1;F3T2;F5T2,rise,54.0,48.15251853329513,1.0,0.4949776630392737
published,,,,published comparator,chen_improved_gc,published aggregate,published,,,1.0,
