method,event_mode,condition,comparator,n,delta_precision,delta_recall,delta_false_positive_rate,delta_f1,delta_orientation_accuracy,delta_edge_density,comparator_truth_edges_mean,comparator_fall_propagated_total_mean,evidence_strength,manuscript_use
cgc,compressed,dynamic_a_noncausal_fall,fall,20,0.45671897546897544,0.5583333333333333,-0.012142857142857177,0.4939346845964493,0.9016666666666666,0.06749999999999995,0.0,0.0,rise_gain_zero_truth_fall_without_fpr_cost,locked dynamic-A synthetic evidence after user-run artifact generation
cgc,compressed,dynamic_a_noncausal_fall,fall_residual,20,0.45671897546897544,0.5583333333333333,0.18785714285714286,0.4939346845964493,0.9016666666666666,0.26749999999999996,0.0,0.0,rise_gain_zero_truth_fall_with_fpr_cost,locked dynamic-A synthetic evidence after user-run artifact generation
cgc,compressed,dynamic_a_noncausal_fall,full,20,-0.03717352092352094,-0.1333333333333333,-0.03214285714285714,-0.07141993627287735,0.005714285714285561,-0.06250000000000006,6.0,0.0,no_rise_recovery_gain,locked dynamic-A synthetic evidence after user-run artifact generation
cgc,compressed,dynamic_a_noncausal_fall,deconvolved,20,-0.20463023088023102,0.0,0.18928571428571428,-0.08244893178716695,0.043333333333333224,0.1325,6.0,0.0,no_rise_recovery_gain,locked dynamic-A synthetic evidence after user-run artifact generation
cgc,compressed,static_union,fall,20,-0.0616666666666667,-0.09166666666666665,-0.06071428571428571,-0.10798340548340551,-0.3,-0.06999999999999999,6.0,,no_rise_recovery_gain,locked dynamic-A synthetic evidence after user-run artifact generation
cgc,compressed,static_union,fall_residual,20,0.2833333333333333,0.05833333333333333,-0.0035714285714285713,0.09365079365079362,0.3,0.015,6.0,,rise_gain_without_fpr_cost,locked dynamic-A synthetic evidence after user-run artifact generation
cgc,compressed,static_union,full,20,-0.669047619047619,-0.875,-0.021428571428571425,-0.8442196692196692,-0.6928571428571428,-0.27749999999999997,6.0,,no_rise_recovery_gain,locked dynamic-A synthetic evidence after user-run artifact generation
cgc,compressed,static_union,deconvolved,20,-0.6952380952380953,-0.9416666666666667,-0.0071428571428571435,-0.8948107448107449,-0.6928571428571428,-0.2874999999999999,6.0,,no_rise_recovery_gain,locked dynamic-A synthetic evidence after user-run artifact generation
cgc,physical,dynamic_a_noncausal_fall,fall,20,0.26666666666666666,0.08333333333333333,0.011071428571428558,0.1221825396825397,0.375,0.019999999999999997,0.0,0.0,rise_gain_zero_truth_fall_with_fpr_cost,locked dynamic-A synthetic evidence after user-run artifact generation
cgc,physical,dynamic_a_noncausal_fall,fall_residual,20,0.26666666666666666,0.08333333333333333,0.011071428571428565,0.1221825396825397,0.375,0.020000000000000004,0.0,0.0,rise_gain_zero_truth_fall_with_fpr_cost,locked dynamic-A synthetic evidence after user-run artifact generation
cgc,physical,dynamic_a_noncausal_fall,full,20,-0.21906843156843153,-0.6166666666666666,-0.2857142857142857,-0.44138320571757106,-0.5209523809523811,-0.38499999999999995,6.0,0.0,no_rise_recovery_gain,locked dynamic-A synthetic evidence after user-run artifact generation
cgc,physical,dynamic_a_noncausal_fall,deconvolved,20,-0.42884920634920637,-0.49166666666666675,-0.053571428571428575,-0.47544566544566547,-0.5333333333333334,-0.18499999999999997,6.0,0.0,no_rise_recovery_gain,locked dynamic-A synthetic evidence after user-run artifact generation
cgc,physical,static_union,fall,20,0.8839285714285715,0.8833333333333332,0.06071428571428571,0.8759224109224111,1.0,0.3075,6.0,,rise_gain_with_fpr_cost,locked dynamic-A synthetic evidence after user-run artifact generation
cgc,physical,static_union,fall_residual,20,0.8839285714285715,0.8833333333333332,0.057142857142857134,0.8759224109224111,1.0,0.305,6.0,,rise_gain_with_fpr_cost,locked dynamic-A synthetic evidence after user-run artifact generation
cgc,physical,static_union,full,20,-0.0625,-0.050000000000000155,0.03214285714285714,-0.05804362304362298,0.0071428571428571175,0.007500000000000007,6.0,,no_rise_recovery_gain,locked dynamic-A synthetic evidence after user-run artifact generation
cgc,physical,static_union,deconvolved,20,-0.09464285714285714,-0.11666666666666681,0.04999999999999999,-0.11253912753912743,0.0071428571428571175,5.551115123125783e-17,6.0,,no_rise_recovery_gain,locked dynamic-A synthetic evidence after user-run artifact generation
cgc-star,compressed,dynamic_a_noncausal_fall,fall,20,0.12416666666666668,0.06666666666666667,0.01678571428571428,0.08429292929292928,0.25,0.025,0.0,0.0,rise_gain_zero_truth_fall_with_fpr_cost,locked dynamic-A synthetic evidence after user-run artifact generation
cgc-star,compressed,dynamic_a_noncausal_fall,fall_residual,20,0.12416666666666668,0.06666666666666667,0.036785714285714276,0.08429292929292928,0.25,0.045,0.0,0.0,rise_gain_zero_truth_fall_with_fpr_cost,locked dynamic-A synthetic evidence after user-run artifact generation
cgc-star,compressed,dynamic_a_noncausal_fall,full,20,-0.3546230158730158,-0.30833333333333335,-0.10714285714285715,-0.3191952491952491,-0.4816666666666667,-0.16750000000000004,6.0,0.0,no_rise_recovery_gain,locked dynamic-A synthetic evidence after user-run artifact generation
cgc-star,compressed,dynamic_a_noncausal_fall,deconvolved,20,-0.5396717171717174,-0.55,-0.1,-0.5286269939211115,-0.644047619047619,-0.235,6.0,0.0,no_rise_recovery_gain,locked dynamic-A synthetic evidence after user-run artifact generation
cgc-star,compressed,static_union,fall,20,-0.4024621212121212,-0.7583333333333333,-0.23571428571428568,-0.5669482641541465,-0.5803571428571429,-0.39249999999999996,6.0,,no_rise_recovery_gain,locked dynamic-A synthetic evidence after user-run artifact generation
cgc-star,compressed,static_union,fall_residual,20,-0.47396825396825404,-0.7000000000000001,-0.15714285714285714,-0.5923093573093573,-0.576904761904762,-0.32,6.0,,no_rise_recovery_gain,locked dynamic-A synthetic evidence after user-run artifact generation
cgc-star,compressed,static_union,full,20,-0.6902380952380953,-0.8166666666666667,-0.039285714285714285,-0.7613403263403263,-0.7285714285714284,-0.2725,6.0,,no_rise_recovery_gain,locked dynamic-A synthetic evidence after user-run artifact generation
cgc-star,compressed,static_union,deconvolved,20,-0.7848809523809525,-0.8666666666666667,0.014285714285714284,-0.841961371961372,-0.75,-0.24999999999999994,6.0,,no_rise_recovery_gain,locked dynamic-A synthetic evidence after user-run artifact generation
cgc-star,physical,dynamic_a_noncausal_fall,fall,20,0.3808333333333333,0.14999999999999997,0.05928571428571427,0.20333694083694084,0.6083333333333333,0.07749999999999999,0.0,0.0,rise_gain_zero_truth_fall_with_fpr_cost,locked dynamic-A synthetic evidence after user-run artifact generation
cgc-star,physical,dynamic_a_noncausal_fall,fall_residual,20,0.3808333333333333,0.14999999999999997,0.04178571428571427,0.20333694083694084,0.6083333333333333,0.06,0.0,0.0,rise_gain_zero_truth_fall_with_fpr_cost,locked dynamic-A synthetic evidence after user-run artifact generation
cgc-star,physical,dynamic_a_noncausal_fall,full,20,-0.12765873015873025,-0.23333333333333334,-0.05000000000000002,-0.21177378177378167,-0.12916666666666676,-0.10499999999999997,6.0,0.0,no_rise_recovery_gain,locked dynamic-A synthetic evidence after user-run artifact generation
cgc-star,physical,dynamic_a_noncausal_fall,deconvolved,20,-0.2714772727272729,-0.4500000000000001,-0.05000000000000002,-0.395600298394416,-0.29166666666666674,-0.16999999999999998,6.0,0.0,no_rise_recovery_gain,locked dynamic-A synthetic evidence after user-run artifact generation
cgc-star,physical,static_union,fall,20,0.9458333333333334,0.8583333333333334,0.02142857142857143,0.8966450216450216,1.0,0.2725,6.0,,rise_gain_with_fpr_cost,locked dynamic-A synthetic evidence after user-run artifact generation
cgc-star,physical,static_union,fall_residual,20,0.9458333333333334,0.8583333333333334,0.025,0.8966450216450216,1.0,0.275,6.0,,rise_gain_with_fpr_cost,locked dynamic-A synthetic evidence after user-run artifact generation
cgc-star,physical,static_union,full,20,0.04226190476190472,-0.07499999999999996,-0.028571428571428567,-0.013093573093573285,0.021428571428571574,-0.04249999999999998,6.0,,no_rise_recovery_gain,locked dynamic-A synthetic evidence after user-run artifact generation
cgc-star,physical,static_union,deconvolved,20,-0.03273809523809523,-0.1416666666666666,0.014285714285714287,-0.09181651681651692,0.0071428571428571175,-0.03249999999999992,6.0,,no_rise_recovery_gain,locked dynamic-A synthetic evidence after user-run artifact generation
