case,direction,evidence_strength,manuscript_use,mean_delta_rise_minus_fall,median_delta_rise_minus_fall,method,metric,n_negative,n_pairs,n_positive,p_two_sided_signflip
dff,fall_higher,descriptive,descriptive until empirical null and stability gates are complete,-0.034059567883097296,-0.022058823529411797,cgc,edge_density,3,3,0,0.25
dff,fall_higher,descriptive,descriptive until empirical null and stability gates are complete,-5.333333333333333,-6.0,cgc,retained_edges,3,3,0,0.25
dff,fall_higher,descriptive,descriptive until empirical null and stability gates are complete,-1.2705247386520782,2.103830447175419,cgc,total_weight,1,3,2,1.0
dff,rise_higher,descriptive,descriptive until empirical null and stability gates are complete,0.09450618082273692,0.09045435898654253,cgc,w_ic,0,3,3,0.25
dff,fall_higher,descriptive,descriptive until empirical null and stability gates are complete,-0.007317480541312445,0.010021574391005705,cgc,w_rc,1,3,2,1.0
f_smooth,rise_higher,descriptive,descriptive until empirical null and stability gates are complete,0.04069974143503557,0.033088235294117696,cgc,edge_density,1,3,2,0.5
f_smooth,rise_higher,descriptive,descriptive until empirical null and stability gates are complete,6.0,9.0,cgc,retained_edges,1,3,2,0.5
f_smooth,rise_higher,descriptive,descriptive until empirical null and stability gates are complete,5.627374833656467,8.144235014381369,cgc,total_weight,1,3,2,0.5
f_smooth,rise_higher,descriptive,descriptive until empirical null and stability gates are complete,0.0021789285222728605,0.0,cgc,w_ic,0,3,1,1.0
f_smooth,rise_higher,descriptive,descriptive until empirical null and stability gates are complete,0.01130668130604188,0.008422515690532206,cgc,w_rc,1,3,2,0.5
dff,fall_higher,descriptive,descriptive until empirical null and stability gates are complete,-0.04083294156823569,-0.043956043956043966,cgc-star,edge_density,3,3,0,0.25
dff,fall_higher,descriptive,descriptive until empirical null and stability gates are complete,-7.333333333333333,-8.0,cgc-star,retained_edges,3,3,0,0.25
dff,fall_higher,descriptive,descriptive until empirical null and stability gates are complete,-2.0455082013381705,3.231345683449703,cgc-star,total_weight,1,3,2,1.0
dff,rise_higher,descriptive,descriptive until empirical null and stability gates are complete,0.10018347795237736,0.09687121607951266,cgc-star,w_ic,0,3,3,0.25
dff,rise_higher,descriptive,descriptive until empirical null and stability gates are complete,0.004281871580407437,0.004575329891944591,cgc-star,w_rc,1,3,2,0.75
f_smooth,rise_higher,descriptive,descriptive until empirical null and stability gates are complete,0.00783897475073947,0.011029411764705899,cgc-star,edge_density,1,3,2,0.75
f_smooth,rise_higher,descriptive,descriptive until empirical null and stability gates are complete,0.6666666666666666,3.0,cgc-star,retained_edges,1,3,2,1.0
f_smooth,rise_higher,descriptive,descriptive until empirical null and stability gates are complete,1.8780501771842601,4.849831930150177,cgc-star,total_weight,1,3,2,0.75
f_smooth,rise_higher,descriptive,descriptive until empirical null and stability gates are complete,0.0021864232279142173,0.0,cgc-star,w_ic,0,3,1,1.0
f_smooth,fall_higher,descriptive,descriptive until empirical null and stability gates are complete,-0.02135954342054876,-0.00865189754251694,cgc-star,w_rc,3,3,0,0.25
