comparator,condition,delta_f1,delta_false_positive_rate,delta_orientation_accuracy,delta_precision,delta_recall,event_mode,manuscript_use,method,simulator_mode,split,tradeoff_class
fall,dynamic_a_noncausal_fall,0.4676486748545572,-0.013571428571428568,0.8875,0.4558396464646465,0.5041666666666667,compressed,"method-level synthetic evidence, not empirical biological proof",cgc,episodic_dynamic,all,rise_recall_gain_without_fpr_cost
full,dynamic_a_noncausal_fall,-0.06295593673799016,-0.16071428571428564,0.029642857142857082,0.017450980392156923,-0.2124999999999999,compressed,"method-level synthetic evidence, not empirical biological proof",cgc,episodic_dynamic,all,no_rise_recall_gain
deconvolved,dynamic_a_noncausal_fall,-0.1287276571467748,0.14464285714285718,-0.014583333333333393,-0.21723575036075027,-0.08750000000000002,compressed,"method-level synthetic evidence, not empirical biological proof",cgc,episodic_dynamic,all,no_rise_recall_gain
fall_residual,dynamic_a_noncausal_fall,0.4676486748545572,0.14642857142857146,0.8875,0.4558396464646465,0.5041666666666667,compressed,"method-level synthetic evidence, not empirical biological proof",cgc,episodic_dynamic,all,rise_recall_gain_with_fpr_cost
fall,low_framerate,-0.00644489072296317,0.03992304919822071,-0.0903580863580864,-0.12900998511292616,0.17633730158730165,compressed,"method-level synthetic evidence, not empirical biological proof",cgc,static,evaluation,rise_recall_gain_with_fpr_cost
full,low_framerate,0.07039012942283229,0.029414586248825224,-0.000539904539904823,-0.05859534419828549,0.23510317460317465,compressed,"method-level synthetic evidence, not empirical biological proof",cgc,static,evaluation,rise_recall_gain_with_fpr_cost
deconvolved,low_framerate,-0.0273484042940898,0.014016903115454608,-0.09525183150183159,-0.049325045052986294,0.01515873015873015,compressed,"method-level synthetic evidence, not empirical biological proof",cgc,static,evaluation,rise_recall_gain_with_fpr_cost
fall_residual,low_framerate,0.5322924370097022,-0.10700712803863859,0.311116661116661,0.43888136163556335,0.5972936507936508,compressed,"method-level synthetic evidence, not empirical biological proof",cgc,static,evaluation,rise_recall_gain_without_fpr_cost
fall,native,0.2937389851133895,-0.010476796126612245,0.2689931457431457,0.1746784188034186,0.4148333333333335,compressed,"method-level synthetic evidence, not empirical biological proof",cgc,static,evaluation,rise_recall_gain_without_fpr_cost
full,native,0.09693298845379195,-0.02125791556043851,0.18286868686868685,0.11863929126429096,0.05332539682539694,compressed,"method-level synthetic evidence, not empirical biological proof",cgc,static,evaluation,rise_recall_gain_without_fpr_cost
deconvolved,native,-0.0035013104295981146,0.0008027580627039746,0.08705047730047732,-0.004764346764346783,-0.0014285714285713347,compressed,"method-level synthetic evidence, not empirical biological proof",cgc,static,evaluation,no_rise_recall_gain
fall_residual,native,0.6691940792193398,-0.253422610862203,0.5284981684981684,0.6374651074132857,0.53634126984127,compressed,"method-level synthetic evidence, not empirical biological proof",cgc,static,evaluation,rise_recall_gain_without_fpr_cost
fall,noisy,0.3613425621319347,-0.02770200362579489,0.267736652236652,0.2774909257409255,0.43687301587301597,compressed,"method-level synthetic evidence, not empirical biological proof",cgc,static,evaluation,rise_recall_gain_without_fpr_cost
full,noisy,0.07832742321243458,-0.01906766340786712,0.057364385614385394,0.10889103053808946,0.023714285714285688,compressed,"method-level synthetic evidence, not empirical biological proof",cgc,static,evaluation,rise_recall_gain_without_fpr_cost
deconvolved,noisy,0.13183995971871842,-0.04411670223576035,0.23341905316905298,0.19596504884004873,0.0,compressed,"method-level synthetic evidence, not empirical biological proof",cgc,static,evaluation,no_rise_recall_gain
fall_residual,noisy,0.8623817363295084,0.007525073869918911,0.7554729437229434,0.736672161172161,0.966404761904762,compressed,"method-level synthetic evidence, not empirical biological proof",cgc,static,evaluation,rise_recall_gain_with_fpr_cost
fall,shared_input,0.3864690716557617,0.08966682695934204,0.058776862026862275,0.025259448583751898,0.7332857142857143,compressed,"method-level synthetic evidence, not empirical biological proof",cgc,static,evaluation,rise_recall_gain_with_fpr_cost
full,shared_input,-0.1062364708999759,0.05001520178244341,-0.09089368964368927,-0.15004590782454552,0.017492063492063448,compressed,"method-level synthetic evidence, not empirical biological proof",cgc,static,evaluation,rise_recall_gain_with_fpr_cost
deconvolved,shared_input,-0.04079106753773154,0.008162558616248053,-0.19633244533244487,-0.032144857851127084,-0.05420238095238106,compressed,"method-level synthetic evidence, not empirical biological proof",cgc,static,evaluation,no_rise_recall_gain
fall_residual,shared_input,0.5813135170280709,0.09293182931598774,0.4586340048840051,0.344322940647244,0.8905674603174604,compressed,"method-level synthetic evidence, not empirical biological proof",cgc,static,evaluation,rise_recall_gain_with_fpr_cost
fall,slow_decay,0.46647634656116277,-0.03156658292118405,0.28912481962481973,0.3560442125813642,0.5635992063492063,compressed,"method-level synthetic evidence, not empirical biological proof",cgc,static,evaluation,rise_recall_gain_without_fpr_cost
full,slow_decay,0.08664396009906838,-0.01012370578661765,0.1269956709956711,0.07646444731738855,0.0938888888888888,compressed,"method-level synthetic evidence, not empirical biological proof",cgc,static,evaluation,rise_recall_gain_without_fpr_cost
deconvolved,slow_decay,0.028915631510570194,-0.011073986592761265,0.16784118659118674,0.05105785472697244,-0.008714285714285674,compressed,"method-level synthetic evidence, not empirical biological proof",cgc,static,evaluation,no_rise_recall_gain
fall_residual,slow_decay,0.6825915404343704,-0.4906501613808687,0.45390717615717624,0.6798875286872246,0.3343055555555555,compressed,"method-level synthetic evidence, not empirical biological proof",cgc,static,evaluation,rise_recall_gain_without_fpr_cost
fall,static_union,-0.0822564935064935,-0.08035714285714285,-0.25000000000000006,-0.027500000000000024,-0.07500000000000001,compressed,"method-level synthetic evidence, not empirical biological proof",cgc,static,all,no_rise_recall_gain
full,static_union,-0.7778424353424354,-0.09285714285714286,-0.6886904761904762,-0.5615079365079365,-0.8791666666666667,compressed,"method-level synthetic evidence, not empirical biological proof",cgc,static,all,no_rise_recall_gain
deconvolved,static_union,-0.8836691086691087,-0.01607142857142857,-0.6964285714285716,-0.6904761904761905,-0.9416666666666667,compressed,"method-level synthetic evidence, not empirical biological proof",cgc,static,all,no_rise_recall_gain
fall_residual,static_union,0.09325396825396826,-0.0071428571428571435,0.3,0.26666666666666666,0.05833333333333333,compressed,"method-level synthetic evidence, not empirical biological proof",cgc,static,all,rise_recall_gain_without_fpr_cost
fall,dynamic_a_noncausal_fall,0.1498809523809524,-0.02250000000000002,0.4375,0.3375,0.1,physical,"method-level synthetic evidence, not empirical biological proof",cgc,episodic_dynamic,all,rise_recall_gain_without_fpr_cost
full,dynamic_a_noncausal_fall,-0.3802803946998993,-0.4,-0.4257142857142856,-0.09752483627483632,-0.6208333333333333,physical,"method-level synthetic evidence, not empirical biological proof",cgc,episodic_dynamic,all,no_rise_recall_gain
deconvolved,dynamic_a_noncausal_fall,-0.45474792364498245,-0.1017857142857143,-0.48958333333333326,-0.3339430014430015,-0.5,physical,"method-level synthetic evidence, not empirical biological proof",cgc,episodic_dynamic,all,no_rise_recall_gain
fall_residual,dynamic_a_noncausal_fall,0.1498809523809524,-0.010000000000000009,0.4375,0.3375,0.1,physical,"method-level synthetic evidence, not empirical biological proof",cgc,episodic_dynamic,all,rise_recall_gain_without_fpr_cost
fall,static_union,0.8166945554445554,0.03928571428571428,0.8375,0.7497023809523811,0.8208333333333334,physical,"method-level synthetic evidence, not empirical biological proof",cgc,static,all,rise_recall_gain_with_fpr_cost
full,static_union,0.0031410256410255855,-0.05,0.0035714285714284477,0.08060515873015894,-0.07916666666666661,physical,"method-level synthetic evidence, not empirical biological proof",cgc,static,all,no_rise_recall_gain
deconvolved,static_union,-0.10040709290709304,0.023214285714285708,0.0035714285714284477,-0.04494047619047603,-0.1416666666666666,physical,"method-level synthetic evidence, not empirical biological proof",cgc,static,all,no_rise_recall_gain
fall_residual,static_union,0.8693731268731268,0.041071428571428564,0.975,0.887202380952381,0.8541666666666667,physical,"method-level synthetic evidence, not empirical biological proof",cgc,static,all,rise_recall_gain_with_fpr_cost
fall,dynamic_a_noncausal_fall,0.15678163211057947,-0.018392857142857155,0.41666666666666663,0.21336538461538462,0.1375,compressed,"method-level synthetic evidence, not empirical biological proof",cgc-star,episodic_dynamic,all,rise_recall_gain_without_fpr_cost
full,dynamic_a_noncausal_fall,-0.2817565413172999,-0.17142857142857137,-0.35309523809523813,-0.23493638306138304,-0.3416666666666666,compressed,"method-level synthetic evidence, not empirical biological proof",cgc-star,episodic_dynamic,all,no_rise_recall_gain
deconvolved,dynamic_a_noncausal_fall,-0.45369466038777184,-0.09642857142857142,-0.4961904761904764,-0.41852404539904536,-0.5041666666666667,compressed,"method-level synthetic evidence, not empirical biological proof",cgc-star,episodic_dynamic,all,no_rise_recall_gain
fall_residual,dynamic_a_noncausal_fall,0.15678163211057947,0.07785714285714285,0.41666666666666663,0.21336538461538462,0.1375,compressed,"method-level synthetic evidence, not empirical biological proof",cgc-star,episodic_dynamic,all,rise_recall_gain_with_fpr_cost
fall,static_union,-0.5581483175407324,-0.24642857142857144,-0.5517857142857142,-0.39375242812742806,-0.7708333333333335,compressed,"method-level synthetic evidence, not empirical biological proof",cgc-star,static,all,no_rise_recall_gain
full,static_union,-0.6813037820023115,-0.10357142857142859,-0.7142857142857142,-0.5782539682539682,-0.7916666666666667,compressed,"method-level synthetic evidence, not empirical biological proof",cgc-star,static,all,no_rise_recall_gain
deconvolved,static_union,-0.8214935064935065,0.008928571428571428,-0.7214285714285715,-0.7552380952380953,-0.8666666666666667,compressed,"method-level synthetic evidence, not empirical biological proof",cgc-star,static,all,no_rise_recall_gain
fall_residual,static_union,-0.5803352040116747,-0.1607142857142857,-0.5527976190476191,-0.4604518398268398,-0.7041666666666667,compressed,"method-level synthetic evidence, not empirical biological proof",cgc-star,static,all,no_rise_recall_gain
fall,dynamic_a_noncausal_fall,0.15613275613275612,0.020357142857142865,0.47916666666666663,0.35291666666666666,0.10833333333333332,physical,"method-level synthetic evidence, not empirical biological proof",cgc-star,episodic_dynamic,all,rise_recall_gain_with_fpr_cost
full,dynamic_a_noncausal_fall,-0.2810178503986553,-0.1910714285714286,-0.29226190476190483,-0.10378718503718504,-0.36666666666666664,physical,"method-level synthetic evidence, not empirical biological proof",cgc-star,episodic_dynamic,all,no_rise_recall_gain
deconvolved,dynamic_a_noncausal_fall,-0.43142169921581686,-0.11785714285714285,-0.41166666666666674,-0.2650983044733044,-0.5083333333333334,physical,"method-level synthetic evidence, not empirical biological proof",cgc-star,episodic_dynamic,all,no_rise_recall_gain
fall_residual,dynamic_a_noncausal_fall,0.15613275613275612,0.02285714285714286,0.47916666666666663,0.35291666666666666,0.10833333333333332,physical,"method-level synthetic evidence, not empirical biological proof",cgc-star,episodic_dynamic,all,rise_recall_gain_with_fpr_cost
fall,static_union,0.7597036297036297,0.075,0.9949999999999999,0.8188293650793652,0.725,physical,"method-level synthetic evidence, not empirical biological proof",cgc-star,static,all,rise_recall_gain_with_fpr_cost
full,static_union,-0.07647923155276093,-0.05535714285714284,0.005714285714285672,0.034751984126984325,-0.19583333333333341,physical,"method-level synthetic evidence, not empirical biological proof",cgc-star,static,all,no_rise_recall_gain
deconvolved,static_union,-0.21529637029637028,0.05357142857142856,-0.0014285714285716677,-0.1347420634920633,-0.275,physical,"method-level synthetic evidence, not empirical biological proof",cgc-star,static,all,no_rise_recall_gain
fall_residual,static_union,0.7597036297036297,0.075,0.9949999999999999,0.8188293650793652,0.725,physical,"method-level synthetic evidence, not empirical biological proof",cgc-star,static,all,rise_recall_gain_with_fpr_cost
fall,low_framerate,0.13510989150944122,0.08219102587243646,0.08901293151293144,0.04468566130292137,0.2812499999999999,compressed,"method-level synthetic evidence, not empirical biological proof",cgc_star,static,evaluation,rise_recall_gain_with_fpr_cost
full,low_framerate,-0.2705121054951278,0.017647929417187624,-0.16257089642383765,-0.17798953890405966,-0.48700793650793667,compressed,"method-level synthetic evidence, not empirical biological proof",cgc_star,static,evaluation,no_rise_recall_gain
deconvolved,low_framerate,-0.14848584512124902,-0.007159825596942643,-0.1095809794780383,-0.08920406942147757,-0.30336507936507934,compressed,"method-level synthetic evidence, not empirical biological proof",cgc_star,static,evaluation,no_rise_recall_gain
fall_residual,low_framerate,0.1687193507263326,-0.037127979053947685,-0.020221195471195497,0.12651137923578218,0.16067063492063482,compressed,"method-level synthetic evidence, not empirical biological proof",cgc_star,static,evaluation,rise_recall_gain_without_fpr_cost
fall,native,0.4305119934348947,-0.0032537228833379728,0.2765826118326117,0.24739276371203617,0.5989722222222221,compressed,"method-level synthetic evidence, not empirical biological proof",cgc_star,static,evaluation,rise_recall_gain_without_fpr_cost
full,native,0.14909493472333502,-0.06527750342237695,0.3181120358399768,0.1954096956535038,0.019095238095238054,compressed,"method-level synthetic evidence, not empirical biological proof",cgc_star,static,evaluation,rise_recall_gain_without_fpr_cost
deconvolved,native,0.0005334131521100849,0.0030450672681669386,-0.004346237096237271,0.004903069926289638,0.00952380952380949,compressed,"method-level synthetic evidence, not empirical biological proof",cgc_star,static,evaluation,rise_recall_gain_with_fpr_cost
fall_residual,native,0.4823218357158835,-0.2222509331879936,0.3450187590187589,0.43810519511794266,0.3818968253968253,compressed,"method-level synthetic evidence, not empirical biological proof",cgc_star,static,evaluation,rise_recall_gain_without_fpr_cost
fall,noisy,0.384283210257534,0.042840333899580696,0.11218975468975467,0.08363741895359539,0.5676666666666665,compressed,"method-level synthetic evidence, not empirical biological proof",cgc_star,static,evaluation,rise_recall_gain_with_fpr_cost
full,noisy,0.3380377088444529,-0.05129400739899591,0.36137445887445885,0.3121387028004674,0.3760634920634918,compressed,"method-level synthetic evidence, not empirical biological proof",cgc_star,static,evaluation,rise_recall_gain_without_fpr_cost
deconvolved,noisy,0.0720815065604743,0.036905014086253275,-0.07644119769119773,-0.1047579634417869,0.24185317460317457,compressed,"method-level synthetic evidence, not empirical biological proof",cgc_star,static,evaluation,rise_recall_gain_with_fpr_cost
fall_residual,noisy,0.6178740556007013,0.05227621861405497,0.5766897546897546,0.4945818633980398,0.7440992063492062,compressed,"method-level synthetic evidence, not empirical biological proof",cgc_star,static,evaluation,rise_recall_gain_with_fpr_cost
fall,shared_input,-0.1936146610799685,0.06242057170174478,-0.13626534576534582,-0.16596655718423453,-0.20078571428571423,compressed,"method-level synthetic evidence, not empirical biological proof",cgc_star,static,evaluation,no_rise_recall_gain
full,shared_input,-0.18931247651937033,-0.0013951962452086741,-0.14641566766566766,-0.12615567691476587,-0.37129761904761915,compressed,"method-level synthetic evidence, not empirical biological proof",cgc_star,static,evaluation,no_rise_recall_gain
deconvolved,shared_input,0.09601576192225739,-0.05052712417266478,0.06347577422577422,0.07394855678937653,0.13963888888888887,compressed,"method-level synthetic evidence, not empirical biological proof",cgc_star,static,evaluation,rise_recall_gain_without_fpr_cost
fall_residual,shared_input,0.2867351410506032,0.18040472593161538,0.2689215229215229,0.14322677365073716,0.5239206349206349,compressed,"method-level synthetic evidence, not empirical biological proof",cgc_star,static,evaluation,rise_recall_gain_with_fpr_cost
fall,slow_decay,0.44195945325913333,-0.0639258010667411,0.2841046176046176,0.3619981349924687,0.5329920634920634,compressed,"method-level synthetic evidence, not empirical biological proof",cgc_star,static,evaluation,rise_recall_gain_without_fpr_cost
full,slow_decay,0.0968692660584064,-0.06399356403421629,0.268455668514492,0.15846588046307059,-0.06876587301587322,compressed,"method-level synthetic evidence, not empirical biological proof",cgc_star,static,evaluation,no_rise_recall_gain
deconvolved,slow_decay,0.011179477608236565,0.0057975809910695425,0.04787157287157273,-0.0005510880588279754,0.041345238095238046,compressed,"method-level synthetic evidence, not empirical biological proof",cgc_star,static,evaluation,rise_recall_gain_with_fpr_cost
fall_residual,slow_decay,0.45801078572556,-0.4523006267853699,0.2632933732933732,0.44596752104819026,0.14603174603174585,compressed,"method-level synthetic evidence, not empirical biological proof",cgc_star,static,evaluation,rise_recall_gain_without_fpr_cost
fall,dynamic_a_noncausal_fall,0.13529012050751182,0.05714285714285705,-0.07619047619047625,0.0864145658263305,0.23333333333333334,compressed,"method-level synthetic evidence, not empirical biological proof",dynamic_episodic,episodic_dynamic,all,rise_recall_gain_with_fpr_cost
full,dynamic_a_noncausal_fall,0.03007248513440469,0.042857142857142816,-0.040000000000000036,0.017905427905427818,0.06666666666666654,compressed,"method-level synthetic evidence, not empirical biological proof",dynamic_episodic,episodic_dynamic,all,rise_recall_gain_with_fpr_cost
deconvolved,dynamic_a_noncausal_fall,-0.23679957469431162,0.3571428571428571,-0.11142857142857154,-0.271874236874237,-0.13333333333333341,compressed,"method-level synthetic evidence, not empirical biological proof",dynamic_episodic,episodic_dynamic,all,no_rise_recall_gain
fall_residual,dynamic_a_noncausal_fall,0.1392496392496393,0.0714285714285714,0.20047619047619036,0.09464285714285714,0.23333333333333334,compressed,"method-level synthetic evidence, not empirical biological proof",dynamic_episodic,episodic_dynamic,all,rise_recall_gain_with_fpr_cost
fall,static_union,0.21335540276716752,0.08571428571428574,0.1361904761904762,0.13603535353535345,0.4333333333333334,compressed,"method-level synthetic evidence, not empirical biological proof",dynamic_episodic,static,all,rise_recall_gain_with_fpr_cost
full,static_union,-0.14918948440620255,0.21428571428571425,-0.151904761904762,-0.13208041958041972,-0.1333333333333333,compressed,"method-level synthetic evidence, not empirical biological proof",dynamic_episodic,static,all,no_rise_recall_gain
deconvolved,static_union,-0.43717968306203586,0.5857142857142856,-0.18523809523809542,-0.5086255411255411,-0.19999999999999996,compressed,"method-level synthetic evidence, not empirical biological proof",dynamic_episodic,static,all,no_rise_recall_gain
fall_residual,static_union,0.10804261098378748,0.09999999999999998,0.1428571428571428,0.06856060606060599,0.2333333333333334,compressed,"method-level synthetic evidence, not empirical biological proof",dynamic_episodic,static,all,rise_recall_gain_with_fpr_cost
fall,dynamic_a_noncausal_fall,0.05538351225657717,0.3,0.04190476190476189,-0.020177322677322695,0.30000000000000004,physical,"method-level synthetic evidence, not empirical biological proof",dynamic_episodic,episodic_dynamic,all,rise_recall_gain_with_fpr_cost
full,dynamic_a_noncausal_fall,0.03119878573438939,0.17142857142857149,-0.13809523809523794,-0.0008522033522034289,0.16666666666666663,physical,"method-level synthetic evidence, not empirical biological proof",dynamic_episodic,episodic_dynamic,all,rise_recall_gain_with_fpr_cost
deconvolved,dynamic_a_noncausal_fall,-0.23567327409432692,0.48571428571428577,-0.20952380952380945,-0.29063186813186825,-0.033333333333333326,physical,"method-level synthetic evidence, not empirical biological proof",dynamic_episodic,episodic_dynamic,all,no_rise_recall_gain
fall_residual,dynamic_a_noncausal_fall,0.15019947372888542,0.1428571428571429,-0.03142857142857136,0.08296176046176046,0.36666666666666675,physical,"method-level synthetic evidence, not empirical biological proof",dynamic_episodic,episodic_dynamic,all,rise_recall_gain_with_fpr_cost
fall,static_union,0.13259662991470772,0.6000000000000002,-0.06333333333333335,-0.09010002381519411,0.6000000000000001,physical,"method-level synthetic evidence, not empirical biological proof",dynamic_episodic,static,all,rise_recall_gain_with_fpr_cost
full,static_union,-0.1463662183825058,0.31428571428571445,-0.21809523809523812,-0.14831680703197736,-0.033333333333333326,physical,"method-level synthetic evidence, not empirical biological proof",dynamic_episodic,static,all,no_rise_recall_gain
deconvolved,static_union,-0.4343564170383391,0.6857142857142858,-0.25142857142857156,-0.5248619285770988,-0.09999999999999998,physical,"method-level synthetic evidence, not empirical biological proof",dynamic_episodic,static,all,no_rise_recall_gain
fall_residual,static_union,0.10627474230799044,0.20000000000000018,0.020000000000000018,0.03920067548550521,0.3666666666666667,physical,"method-level synthetic evidence, not empirical biological proof",dynamic_episodic,static,all,rise_recall_gain_with_fpr_cost
