case,edge_density_mean,method,n,null_type,representation,retained_edges_mean,total_weight_mean,w_ic_mean,w_rc_mean
A,1.0,cgc,9,cross_recording,deconvolved,245.77777777777777,25.790341751895724,0.6101036813305428,0.5158096144663143
A,1.0,cgc,180,cyclic_shift,deconvolved,245.77777777777777,8.071500713147817,0.5173783750420924,0.4990589342704794
A,1.0,cgc,9,observed,deconvolved,245.77777777777777,11.597497355339222,0.7631915544617178,0.5037443414441999
A,1.0,cgc,9,reverse_time,deconvolved,245.77777777777777,11.608614146015402,0.7682941391382911,0.5128981124311518
A,1.0,cgc,9,cross_recording,fall,245.77777777777777,11.559058648661036,0.5190159327639552,0.4531874798400504
A,1.0,cgc,180,cyclic_shift,fall,245.77777777777777,11.562367298607715,0.5088784834514877,0.496838257291481
A,1.0,cgc,180,event_jitter,fall,245.77777777777777,20.78053984199718,0.5460607155727017,0.49441316034398813
A,1.0,cgc,9,observed,fall,245.77777777777777,14.57936809531785,0.5379140438433948,0.4945449086589801
A,0.9998917748917749,cgc,180,phase_permutation,fall,245.7277777777778,26.34302406918846,0.5559111758607529,0.5148250374872412
A,1.0,cgc,9,reverse_time,fall,245.77777777777777,22.568050591614213,0.5570358384164195,0.48473880494506655
A,1.0,cgc,9,cross_recording,fall_residual,245.77777777777777,11.396068027463713,0.4942768162676649,0.43109468851720845
A,1.0,cgc,180,cyclic_shift,fall_residual,245.77777777777777,12.938019605480871,0.51162307246025,0.5009353472930685
A,1.0,cgc,180,event_jitter,fall_residual,245.77777777777777,22.007265397603703,0.48485716395635575,0.4980950076295103
A,1.0,cgc,9,observed,fall_residual,245.77777777777777,15.048074296135102,0.5097024983546753,0.47278639256706767
A,0.9998917748917749,cgc,180,phase_permutation,fall_residual,245.7277777777778,26.340209378849824,0.5517145412804385,0.5005429422564469
A,1.0,cgc,9,reverse_time,fall_residual,245.77777777777777,24.506537121055114,0.537576212611994,0.498021265202386
A,1.0,cgc,9,cross_recording,full,245.77777777777777,27.829244333030715,0.5482581503617779,0.5069744855377186
A,1.0,cgc,180,cyclic_shift,full,245.77777777777777,11.406793888750418,0.5195525977573668,0.49320403110677014
A,1.0,cgc,9,observed,full,245.77777777777777,13.488825882105196,0.6205782379985134,0.4926367259118798
A,1.0,cgc,9,reverse_time,full,245.77777777777777,13.418635964008395,0.6339820306053005,0.5193068289835986
A,0.9994152046783626,cgc,9,cross_recording,rise,245.55555555555554,31.352249726033126,0.48108273550494446,0.48232742825261876
A,1.0,cgc,180,cyclic_shift,rise,245.77777777777777,24.877918831958695,0.5072090687956904,0.49874997325655623
A,0.9996993746993748,cgc,180,event_jitter,rise,245.63888888888889,45.74863903255205,0.48344427498903625,0.5280444009246944
A,0.9995189995189995,cgc,9,observed,rise,245.55555555555554,40.01469165944812,0.49283166074685664,0.5468635543059054
A,0.9998797498797499,cgc,180,phase_permutation,rise,245.72222222222223,26.131297262658375,0.5546652570622455,0.5113169652562166
A,0.9992784992784993,cgc,9,reverse_time,rise,245.44444444444446,45.34368597661037,0.5199510454747817,0.5223802230103706
A,1.0,cgc-star,9,cross_recording,deconvolved,245.77777777777777,27.327410439760232,0.5751690104155919,0.4770647844265031
A,1.0,cgc-star,180,cyclic_shift,deconvolved,245.77777777777777,7.535692030566794,0.5139236410115747,0.5030533937248459
A,1.0,cgc-star,9,observed,deconvolved,245.77777777777777,13.023916264452403,0.770211386696333,0.48663375913590634
A,1.0,cgc-star,9,reverse_time,deconvolved,245.77777777777777,13.023916264452401,0.770211386696333,0.5133662408640937
A,1.0,cgc-star,9,cross_recording,fall,245.77777777777777,41.00930009034775,0.5168536993229413,0.5185279605588156
A,1.0,cgc-star,180,cyclic_shift,fall,245.77777777777777,11.386325535028393,0.503294403262286,0.5023179790310721
A,1.0,cgc-star,180,event_jitter,fall,245.77777777777777,28.470654498963345,0.6357081639462747,0.49748512394368843
A,1.0,cgc-star,9,observed,fall,245.77777777777777,25.5414383580158,0.620387418731392,0.5023115368757418
A,0.9999037999037999,cgc-star,180,phase_permutation,fall,245.73333333333332,33.75015233746124,0.6111990128889702,0.5106726133394618
A,1.0,cgc-star,9,reverse_time,fall,245.77777777777777,25.541438358015803,0.620387418731392,0.4976884631242582
A,1.0,cgc-star,9,cross_recording,fall_residual,245.77777777777777,39.66944148312047,0.5093268511148419,0.49371239219856494
A,1.0,cgc-star,180,cyclic_shift,fall_residual,245.77777777777777,12.572199051060757,0.5076229523396112,0.5045749299606664
A,1.0,cgc-star,180,event_jitter,fall_residual,245.77777777777777,29.972695773236616,0.6097620929947134,0.5044022874964427
A,1.0,cgc-star,9,observed,fall_residual,245.77777777777777,26.16296617810622,0.5954835340237715,0.4999631328731646
A,0.9999037999037999,cgc-star,180,phase_permutation,fall_residual,245.73333333333332,35.00497042199731,0.6055359726370336,0.499650949734865
A,1.0,cgc-star,9,reverse_time,fall_residual,245.77777777777777,26.093801555834055,0.5947160769871799,0.499776106056821
A,1.0,cgc-star,9,cross_recording,full,245.77777777777777,40.581101335464574,0.5641919554294347,0.4833419496286751
A,1.0,cgc-star,180,cyclic_shift,full,245.77777777777777,10.44652834339584,0.5187638396563303,0.5006278872526996
A,1.0,cgc-star,9,observed,full,245.77777777777777,25.960204340710167,0.7161270967021409,0.4982804641225607
A,1.0,cgc-star,9,reverse_time,full,245.77777777777777,25.960204340710167,0.716127096702141,0.5017195358774393
A,0.9994152046783626,cgc-star,9,cross_recording,rise,245.55555555555554,58.00630724440565,0.48700070854066674,0.489570449772609
A,1.0,cgc-star,180,cyclic_shift,rise,245.77777777777777,26.64585984972479,0.5068541830405757,0.5007624513903368
A,0.9996632996632997,cgc-star,180,event_jitter,rise,245.62222222222223,54.91904829263766,0.45913225808317626,0.4959728873304628
A,0.9995189995189995,cgc-star,9,observed,rise,245.55555555555554,46.473204500933335,0.4814008598673143,0.491534513214327
A,0.9998196248196248,cgc-star,180,phase_permutation,rise,245.69444444444446,34.13682451844715,0.6029343231713497,0.5097665364479169
A,0.9995189995189995,cgc-star,9,reverse_time,rise,245.55555555555554,46.983480675889204,0.4814454795517823,0.5084654867856728
B,1.0,cgc,9,cross_recording,deconvolved,171.77777777777777,21.367919731719567,0.6095424183343213,0.5088418374237941
B,1.0,cgc,180,cyclic_shift,deconvolved,171.77777777777777,5.897487531852789,0.514565403919498,0.49793100986184824
B,1.0,cgc,9,observed,deconvolved,171.77777777777777,8.976350260350717,0.8049385332493695,0.4963775448750785
B,1.0,cgc,9,reverse_time,deconvolved,171.77777777777777,9.030048147204088,0.8089614666817879,0.515429065327386
B,1.0,cgc,9,cross_recording,fall,171.77777777777777,6.97808726483505,0.5177315772943646,0.4592930191251944
B,1.0,cgc,180,cyclic_shift,fall,171.77777777777777,7.684300529835564,0.5107105684442151,0.48635293634562327
B,1.0,cgc,180,event_jitter,fall,171.77777777777777,14.025740085948081,0.5449845039214493,0.5082791212199242
B,1.0,cgc,9,observed,fall,171.77777777777777,10.030679084722092,0.5614755929692148,0.4933263731540256
B,0.9999122807017544,cgc,180,phase_permutation,fall,171.74444444444444,19.72985896221602,0.5689991343536137,0.5098230273071683
B,1.0,cgc,9,reverse_time,fall,171.77777777777777,16.60897242433761,0.5762553604336458,0.48164221462853174
B,1.0,cgc,9,cross_recording,fall_residual,171.77777777777777,6.560182393587353,0.5057178469330849,0.4651058071663432
B,1.0,cgc,180,cyclic_shift,fall_residual,171.77777777777777,8.421294791194763,0.5077828885296616,0.5089011876262404
B,1.0,cgc,180,event_jitter,fall_residual,171.77777777777777,15.022643646479805,0.48755834286444344,0.5026780788938694
B,1.0,cgc,9,observed,fall_residual,171.77777777777777,10.044056983448499,0.5067239852903086,0.48643979489323613
B,0.9998684210526316,cgc,180,phase_permutation,fall_residual,171.7277777777778,20.755837068319902,0.5609932753315913,0.5022402316152915
B,1.0,cgc,9,reverse_time,fall_residual,171.77777777777777,18.078759169988498,0.552131622399124,0.4904585616703373
B,1.0,cgc,9,cross_recording,full,171.77777777777777,23.971459973254973,0.5441971279523338,0.48799999284325934
B,1.0,cgc,180,cyclic_shift,full,171.77777777777777,8.609285644763055,0.5123721413374136,0.4954678929585796
B,1.0,cgc,9,observed,full,171.77777777777777,9.54212052130315,0.6270341239040061,0.49353608242897745
B,1.0,cgc,9,reverse_time,full,171.77777777777777,9.51053960830634,0.6369971017119329,0.5155748356611558
B,1.0,cgc,9,cross_recording,rise,171.77777777777777,17.652017111804874,0.5391438920721193,0.4791306712711659
B,1.0,cgc,180,cyclic_shift,rise,171.77777777777777,19.43440660897021,0.5062959530301863,0.5028709120037571
B,0.9995760233918128,cgc,180,event_jitter,rise,171.61666666666667,35.986087243599194,0.4773336328399036,0.523268693142992
B,0.9994152046783626,cgc,9,observed,rise,171.55555555555554,31.28013464405126,0.49029248370291373,0.5440007239709924
B,0.9998099415204678,cgc,180,phase_permutation,rise,171.70555555555555,19.66582674948534,0.563870081963229,0.5206443782241332
B,0.9994152046783626,cgc,9,reverse_time,rise,171.55555555555554,36.14350825921839,0.5077596127603715,0.5178167555195968
B,1.0,cgc-star,9,cross_recording,deconvolved,171.77777777777777,22.68729405387817,0.5714735036729827,0.4818845413363144
B,1.0,cgc-star,180,cyclic_shift,deconvolved,171.77777777777777,5.364954823666381,0.5027353327469153,0.5042742764832392
B,1.0,cgc-star,9,observed,deconvolved,171.77777777777777,10.444085599749727,0.8102645657045682,0.4842970941554802
B,1.0,cgc-star,9,reverse_time,deconvolved,171.77777777777777,10.444085599749727,0.8102645657045682,0.5157029058445198
B,1.0,cgc-star,9,cross_recording,fall,171.77777777777777,33.845912645660164,0.5071525143584404,0.5085516109262125
B,1.0,cgc-star,180,cyclic_shift,fall,171.77777777777777,7.733591023254265,0.5052963706713343,0.503386022005344
B,1.0,cgc-star,180,event_jitter,fall,171.77777777777777,22.29651946759151,0.6550691563925173,0.5015109058865911
B,1.0,cgc-star,9,observed,fall,171.77777777777777,20.093057188817873,0.6452166476535657,0.5062204868572235
B,0.9997953216374269,cgc-star,180,phase_permutation,fall,171.7,27.381924341440975,0.6274435176730873,0.5160747824531386
B,1.0,cgc-star,9,reverse_time,fall,171.77777777777777,20.093057188817877,0.6452166476535657,0.49377951314277635
B,1.0,cgc-star,9,cross_recording,fall_residual,171.77777777777777,31.7336990360761,0.49813997524070724,0.4860423780332155
B,1.0,cgc-star,180,cyclic_shift,fall_residual,171.77777777777777,8.203582852196604,0.5076131682722769,0.49837260594849575
B,1.0,cgc-star,180,event_jitter,fall_residual,171.77777777777777,23.24011271886713,0.6292537109794454,0.5041766538419689
B,1.0,cgc-star,9,observed,fall_residual,171.77777777777777,20.142914583979852,0.6182589534908767,0.5004655244168671
B,0.9998391812865497,cgc-star,180,phase_permutation,fall_residual,171.71666666666667,28.025162170980906,0.6279391516766359,0.5018706606216469
B,1.0,cgc-star,9,reverse_time,fall_residual,171.77777777777777,20.142914583979852,0.6182589534908768,0.49953447558313296
B,1.0,cgc-star,9,cross_recording,full,171.77777777777777,33.65957703838113,0.5461180990950649,0.4818448235589287
B,1.0,cgc-star,180,cyclic_shift,full,171.77777777777777,7.944973457520575,0.5111939465130578,0.5008050356268813
B,1.0,cgc-star,9,observed,full,171.77777777777777,21.904652234692872,0.7314663381600703,0.4988770138534421
B,1.0,cgc-star,9,reverse_time,full,171.77777777777777,21.90465223469287,0.7314663381600703,0.5011229861465579
B,1.0,cgc-star,9,cross_recording,rise,171.77777777777777,40.242300189403785,0.5250552726554782,0.4986029648317803
B,1.0,cgc-star,180,cyclic_shift,rise,171.77777777777777,20.75678484025215,0.5073923665186311,0.5058705189840218
B,0.999561403508772,cgc-star,180,event_jitter,rise,171.61111111111111,44.76959778493785,0.46959686012527585,0.4973674160508081
B,0.9994152046783626,cgc-star,9,observed,rise,171.55555555555554,39.04020501618788,0.49249161818391535,0.48819867791469956
B,0.9999122807017544,cgc-star,180,phase_permutation,rise,171.74444444444444,27.65080257802838,0.6235601238422013,0.5104533295755302
B,0.9994152046783626,cgc-star,9,reverse_time,rise,171.55555555555554,38.35087299171718,0.49841725389027375,0.5118013220853004
C,1.0,cgc,9,cross_recording,deconvolved,171.77777777777777,21.21749128338259,0.6212373305941287,0.4907385697793958
C,1.0,cgc,180,cyclic_shift,deconvolved,171.77777777777777,6.064436334991926,0.516592737015336,0.5022315815030589
C,1.0,cgc,9,observed,deconvolved,171.77777777777777,8.75734719498557,0.813400542192848,0.49085412248086324
C,1.0,cgc,9,reverse_time,deconvolved,171.77777777777777,8.794253157062473,0.8178889304724379,0.5163460469740893
C,1.0,cgc,9,cross_recording,fall,171.77777777777777,8.351594080011868,0.5229780408550504,0.45233667367287583
C,1.0,cgc,180,cyclic_shift,fall,171.77777777777777,7.769316536493746,0.5095695979556152,0.49126595405009643
C,1.0,cgc,180,event_jitter,fall,171.77777777777777,14.03725411161126,0.5474134762695327,0.5112967653191205
C,1.0,cgc,9,observed,fall,171.77777777777777,11.580448415098159,0.5563683048518998,0.4888810814121045
C,0.9998684210526316,cgc,180,phase_permutation,fall,171.7277777777778,19.556425854815647,0.5586655418592751,0.5136394380242083
C,1.0,cgc,9,reverse_time,fall,171.77777777777777,14.69624845871596,0.5695411702152202,0.4788159521401585
C,1.0,cgc,9,cross_recording,fall_residual,171.77777777777777,8.063053562028399,0.5063989848303938,0.4515583262573458
C,1.0,cgc,180,cyclic_shift,fall_residual,171.77777777777777,8.565055539308098,0.511965698996522,0.5006724348745134
C,1.0,cgc,180,event_jitter,fall_residual,171.77777777777777,15.130528814686823,0.4803715037721738,0.4970912914918215
C,1.0,cgc,9,observed,fall_residual,171.77777777777777,11.670817536079088,0.4974769744227579,0.4756810038422031
C,0.9998684210526316,cgc,180,phase_permutation,fall_residual,171.7277777777778,20.42217747651935,0.5459847240378092,0.49709482513196546
C,1.0,cgc,9,reverse_time,fall_residual,171.77777777777777,15.886163476616348,0.5408119927640047,0.4928316882403246
C,1.0,cgc,9,cross_recording,full,171.77777777777777,23.542304133522983,0.551230482464734,0.49258470365392043
C,1.0,cgc,180,cyclic_shift,full,171.77777777777777,8.954591901448579,0.5130292313752282,0.4967580839808875
C,1.0,cgc,9,observed,full,171.77777777777777,9.542676019522064,0.625930393217352,0.49319517656604883
C,1.0,cgc,9,reverse_time,full,171.77777777777777,9.415505965891255,0.6374124331996617,0.5110065007907278
C,1.0,cgc,9,cross_recording,rise,171.77777777777777,17.651262696532573,0.5391842614213259,0.47923531489530125
C,1.0,cgc,180,cyclic_shift,rise,171.77777777777777,19.501593796222075,0.5106669736614398,0.5013560516412432
C,0.9995760233918128,cgc,180,event_jitter,rise,171.61666666666667,36.42986224040322,0.47790973970030154,0.5257505801123876
C,0.9994152046783626,cgc,9,observed,rise,171.55555555555554,31.21753943727784,0.4910684432149364,0.5437795666264682
C,0.999766081871345,cgc,180,phase_permutation,rise,171.6888888888889,19.500955332074327,0.561092021304101,0.5151282103861601
C,0.9994152046783626,cgc,9,reverse_time,rise,171.55555555555554,36.17069161822118,0.5073700284108951,0.5179244423974303
C,1.0,cgc-star,9,cross_recording,deconvolved,171.77777777777777,23.90477935751894,0.5820158494318242,0.4852826269590456
C,1.0,cgc-star,180,cyclic_shift,deconvolved,171.77777777777777,5.59677348991903,0.5126074633870733,0.4985599749570467
C,1.0,cgc-star,9,observed,deconvolved,171.77777777777777,10.164602132963767,0.818005669113123,0.48150617867370293
C,1.0,cgc-star,9,reverse_time,deconvolved,171.77777777777777,10.164602132963767,0.818005669113123,0.5184938213262971
C,1.0,cgc-star,9,cross_recording,fall,171.77777777777777,31.736265938004927,0.5002651030227862,0.5079580349865064
C,1.0,cgc-star,180,cyclic_shift,fall,171.77777777777777,8.326374381090018,0.5044982214620005,0.49144230742008843
C,1.0,cgc-star,180,event_jitter,fall,171.77777777777777,21.973650728599747,0.6559254890196128,0.5015534553526471
C,1.0,cgc-star,9,observed,fall,171.77777777777777,19.07606266445275,0.6418434811941592,0.5041405442933912
C,0.9998976608187133,cgc-star,180,phase_permutation,fall,171.73888888888888,26.971174313695013,0.6234098217430301,0.5125731237050931
C,1.0,cgc-star,9,reverse_time,fall,171.77777777777777,19.076062664452753,0.6418434811941591,0.4958594557066086
C,1.0,cgc-star,9,cross_recording,fall_residual,171.77777777777777,30.66181825434728,0.487918232665681,0.4764028381235092
C,1.0,cgc-star,180,cyclic_shift,fall_residual,171.77777777777777,8.782942962336836,0.505619581230779,0.5016476136007727
C,1.0,cgc-star,180,event_jitter,fall_residual,171.77777777777777,22.824492862251056,0.6314515531054989,0.5045969437018948
C,1.0,cgc-star,9,observed,fall_residual,171.77777777777777,19.011903354693512,0.6083518482855648,0.49956842560127185
C,0.9997368421052631,cgc-star,180,phase_permutation,fall_residual,171.67777777777778,28.531548418423558,0.6234631615715314,0.5009627425199373
C,1.0,cgc-star,9,reverse_time,fall_residual,171.77777777777777,19.011903354693512,0.6083518482855649,0.500431574398728
C,1.0,cgc-star,9,cross_recording,full,171.77777777777777,33.97537466390914,0.5485759452987776,0.49969193090240194
C,1.0,cgc-star,180,cyclic_shift,full,171.77777777777777,8.392574087689695,0.5046753116657051,0.5011176674483008
C,1.0,cgc-star,9,observed,full,171.77777777777777,21.70999455056652,0.7342606992899152,0.4991057840106673
C,1.0,cgc-star,9,reverse_time,full,171.77777777777777,21.70999455056652,0.7342606992899152,0.5008942159893327
C,1.0,cgc-star,9,cross_recording,rise,171.77777777777777,40.12260424226416,0.5280722016329307,0.49778941384594855
C,1.0,cgc-star,180,cyclic_shift,rise,171.77777777777777,20.706285540828336,0.5047553148815376,0.5026507481008746
C,0.9995427225471085,cgc-star,180,event_jitter,rise,171.62777777777777,44.933146636817504,0.46572642251865914,0.4983883278681568
C,0.9994152046783626,cgc-star,9,observed,rise,171.55555555555554,39.15428934441874,0.4909315986234153,0.4881672695544254
C,0.9997953216374269,cgc-star,180,phase_permutation,rise,171.7,26.44028953995451,0.6281240003449859,0.5156246830348661
C,0.9994152046783626,cgc-star,9,reverse_time,rise,171.55555555555554,38.3743131944006,0.49776209222862405,0.5118327304455748
D,1.0,cgc,9,cross_recording,deconvolved,171.77777777777777,24.58954540310721,0.6385784463788836,0.49379574087736344
D,1.0,cgc,180,cyclic_shift,deconvolved,171.77777777777777,7.036531152775691,0.5167909918657916,0.5002243524773523
D,1.0,cgc,9,observed,deconvolved,171.77777777777777,8.437187751324728,0.8689772027402758,0.5091677081049357
D,1.0,cgc,9,reverse_time,deconvolved,171.77777777777777,8.00054899601452,0.8661752147556127,0.5215342242090425
D,1.0,cgc,9,cross_recording,fall,171.77777777777777,11.221936350425876,0.551993633195402,0.4317645497880607
D,1.0,cgc,180,cyclic_shift,fall,171.77777777777777,10.714087390057054,0.5089748964556806,0.48722743216079734
D,1.0,cgc,180,event_jitter,fall,171.77777777777777,15.253114420445225,0.6135536246830514,0.4860775409628357
D,1.0,cgc,9,observed,fall,171.77777777777777,16.165899335638002,0.636207667355042,0.4678408252398964
D,0.9686428685454741,cgc,180,phase_permutation,fall,166.20555555555555,31.425840578479363,0.5362841765252191,0.5030599360607294
D,1.0,cgc,9,reverse_time,fall,171.77777777777777,16.966050546074186,0.6550389251928166,0.473837784743336
D,1.0,cgc,9,cross_recording,fall_residual,171.77777777777777,11.487868761851097,0.5231587393894193,0.43567915369099497
D,1.0,cgc,180,cyclic_shift,fall_residual,171.77777777777777,12.198645707960992,0.5094661677857454,0.49151218762144916
D,1.0,cgc,180,event_jitter,fall_residual,171.77777777777777,15.185286690449422,0.5376194266814464,0.49928792487323775
D,1.0,cgc,9,observed,fall_residual,171.77777777777777,17.400011394961975,0.5709271816359988,0.48228889219001597
D,0.9501850346935485,cgc,180,phase_permutation,fall_residual,162.48888888888888,36.16593913662879,0.5715115125159382,0.5212526877488631
D,1.0,cgc,9,reverse_time,fall_residual,171.77777777777777,17.67513738015492,0.6078000390873561,0.48333469275081764
D,1.0,cgc,9,cross_recording,full,171.77777777777777,24.05906536096248,0.550227398230422,0.5120294720559697
D,1.0,cgc,180,cyclic_shift,full,171.77777777777777,9.91285654386157,0.5146884176393195,0.4911251789333862
D,1.0,cgc,9,observed,full,171.77777777777777,9.151378994219371,0.6275087049087122,0.5003606064709498
D,1.0,cgc,9,reverse_time,full,171.77777777777777,8.927108278849895,0.6317456980268102,0.4972702066970201
D,0.902192134777274,cgc,9,cross_recording,rise,157.33333333333334,40.99178441273778,0.4678820821125142,0.4405437559280426
D,0.9962327894461538,cgc,180,cyclic_shift,rise,171.45555555555555,34.94870279204863,0.5071231635427469,0.5015899918228715
D,0.8897049337019667,cgc,180,event_jitter,rise,153.68333333333334,59.84056923527874,0.2790925682360587,0.5231905172650967
D,0.8715680723549659,cgc,9,observed,rise,149.88888888888889,51.94879607555201,0.258145295108725,0.5264199741170744
D,0.968081407374493,cgc,180,phase_permutation,rise,166.2111111111111,31.890041908649266,0.5282840459916897,0.5009570497759188
D,0.8787449889101075,cgc,9,reverse_time,rise,150.77777777777777,54.18381714329873,0.31243314751372764,0.5227992297429096
D,1.0,cgc-star,9,cross_recording,deconvolved,171.77777777777777,29.339833245466487,0.6410653045850718,0.48895557477120366
D,1.0,cgc-star,180,cyclic_shift,deconvolved,171.77777777777777,6.701134587419407,0.5153656226887259,0.49836345763990264
D,1.0,cgc-star,9,observed,deconvolved,171.77777777777777,13.649069980872868,0.915111586450271,0.4999808182603887
D,1.0,cgc-star,9,reverse_time,deconvolved,171.77777777777777,13.649069980872866,0.915111586450271,0.5000191817396112
D,1.0,cgc-star,9,cross_recording,fall,171.77777777777777,32.249693059609875,0.5786625287322322,0.49254865412597465
D,1.0,cgc-star,180,cyclic_shift,fall,171.77777777777777,8.047393013605864,0.51996292964965,0.493052658650727
D,1.0,cgc-star,180,event_jitter,fall,171.77777777777777,21.776196372407124,0.7624700483908189,0.49885756752872595
D,1.0,cgc-star,9,observed,fall,171.77777777777777,19.954338412238524,0.7459402000103584,0.49459170988297696
D,0.9710886760441713,cgc-star,180,phase_permutation,fall,166.49444444444444,38.591042711166864,0.6373508711727254,0.5096265299376476
D,1.0,cgc-star,9,reverse_time,fall,171.77777777777777,19.954338412238524,0.7459402000103587,0.5054082901170229
D,1.0,cgc-star,9,cross_recording,fall_residual,171.77777777777777,31.744861712806003,0.5526965723547207,0.5120778776724231
D,1.0,cgc-star,180,cyclic_shift,fall_residual,171.77777777777777,9.110853337284725,0.5124742660515943,0.4948522560428049
D,1.0,cgc-star,180,event_jitter,fall_residual,171.77777777777777,23.19032647826455,0.721170363657256,0.5014643197725046
D,1.0,cgc-star,9,observed,fall_residual,171.77777777777777,20.848769542530498,0.712539796764233,0.4941340394994545
D,0.9523280909645718,cgc-star,180,phase_permutation,fall_residual,162.6611111111111,40.40451589290913,0.650849302837153,0.4973167956594353
D,1.0,cgc-star,9,reverse_time,fall_residual,171.77777777777777,20.84876954253049,0.712539796764233,0.5058659605005453
D,1.0,cgc-star,9,cross_recording,full,171.77777777777777,34.7423110968794,0.6320883647859962,0.505199425148685
D,1.0,cgc-star,180,cyclic_shift,full,171.77777777777777,10.094911456575083,0.5137128551148139,0.5036382505691156
D,1.0,cgc-star,9,observed,full,171.77777777777777,20.69275891687262,0.8643875517712246,0.49819176453611824
D,1.0,cgc-star,9,reverse_time,full,171.77777777777777,20.692758916872624,0.8643875517712245,0.5018082354638816
D,0.9074988717661577,cgc-star,9,cross_recording,rise,157.66666666666666,65.17571830236842,0.46525759757078394,0.49431337832219857
D,0.9958955212934831,cgc-star,180,cyclic_shift,rise,171.44444444444446,42.87992634434632,0.4982364068709706,0.49483493564287656
D,0.8919408058210946,cgc-star,180,event_jitter,rise,153.98888888888888,63.81142408966542,0.3271483071501841,0.494816729618796
D,0.878402384891033,cgc-star,9,observed,rise,150.77777777777777,56.6383798515024,0.32679275606208286,0.5010088391105145
D,0.9704733906062596,cgc-star,180,phase_permutation,rise,166.88888888888889,38.87083034240665,0.6363255131479515,0.5110031427495078
D,0.8768794276663213,cgc-star,9,reverse_time,rise,150.66666666666666,57.41042800186192,0.324745702535931,0.49899116088948553
