binary,caudorostral_edges,caudorostral_weight,contralateral_edges,contralateral_weight,dataset,edge_density,edge_opportunities,fish,fluo_type,graph_label,input_digest,ipsilateral_edges,ipsilateral_weight,method,method_internal,mid,n_nodes,recording,representation,retained_edges,rostrocaudal_edges,rostrocaudal_weight,total_weight,trial,w_ic,w_rc
False,26,21.69562033343566,0,0.0,motoneurons,0.3021978021978022,182,3,dff,full,6f46cfc2dad791d242cd77c173790dfcb699c64facbe3d8b89f81629a870ed25,55,45.448278512906946,cgc-star,fcgc,7,14,F3T1,full,55,29,23.752658179471272,45.44827851290693,1,1.0,0.5226305364399163
False,27,20.910206021503882,10,3.869391850277517,motoneurons,0.36813186813186816,182,3,dff,deconvolved,6f46cfc2dad791d242cd77c173790dfcb699c64facbe3d8b89f81629a870ed25,57,43.790834574535396,cgc-star,fcgc,7,14,F3T1,deconvolved,67,30,22.880628553031507,47.66022642481291,1,0.9295945513454822,0.5224981157663691
False,25,20.834161196589868,14,4.8523396460679855,motoneurons,0.3791208791208791,182,3,dff,rise,6f46cfc2dad791d242cd77c173790dfcb699c64facbe3d8b89f81629a870ed25,55,45.22535160451262,cgc-star,fcgc,7,14,F3T1,rise,69,30,24.391190407922757,50.077691250580614,1,0.9157802897915275,0.539325611467197
False,27,24.164467658034656,23,14.72963356677649,motoneurons,0.4230769230769231,182,3,dff,fall,6f46cfc2dad791d242cd77c173790dfcb699c64facbe3d8b89f81629a870ed25,54,48.36486363595633,cgc-star,fcgc,7,14,F3T1,fall,77,27,24.20039597792167,63.094497202732825,1,0.7929931860266615,0.5003714299719466
False,24,21.701014905470124,21,16.047604727005893,motoneurons,0.38461538461538464,182,3,dff,fall_residual,6f46cfc2dad791d242cd77c173790dfcb699c64facbe3d8b89f81629a870ed25,49,44.318793573900166,cgc-star,fcgc,7,14,F3T1,fall_residual,70,25,22.61777866843003,60.36639830090605,1,0.7631449978039732,0.5103428330176817
False,18,15.510658844625535,0,0.0,motoneurons,0.32727272727272727,110,3,dff,full,ceed52f5abe215360784a65312ca79d7f7f206c48693c0c224022bbd26963e81,36,31.261498716066285,cgc-star,fcgc,6,11,F3T2,full,36,18,15.750839871440746,31.261498716066285,2,1.0,0.5038414829211592
False,17,14.662690559839497,0,0.0,motoneurons,0.3090909090909091,110,3,dff,deconvolved,ceed52f5abe215360784a65312ca79d7f7f206c48693c0c224022bbd26963e81,34,28.772634198886806,cgc-star,fcgc,6,11,F3T2,deconvolved,34,17,14.109943639047305,28.772634198886802,2,1.0,0.4903945722005951
False,20,16.591420714816014,0,0.0,motoneurons,0.36363636363636365,110,3,dff,rise,ceed52f5abe215360784a65312ca79d7f7f206c48693c0c224022bbd26963e81,40,32.97232244816782,cgc-star,fcgc,6,11,F3T2,rise,40,20,16.380901733351813,32.97232244816782,2,1.0,0.49680764098745045
False,18,13.658934196078228,10,2.8410095266543864,motoneurons,0.4090909090909091,110,3,dff,fall,ceed52f5abe215360784a65312ca79d7f7f206c48693c0c224022bbd26963e81,35,26.899967238063734,cgc-star,fcgc,6,11,F3T2,fall,45,17,13.241033041985506,29.74097676471812,2,0.9191078859872466,0.49223231109550586
False,17,12.801237165798817,16,6.9288043587564205,motoneurons,0.45454545454545453,110,3,dff,fall_residual,ceed52f5abe215360784a65312ca79d7f7f206c48693c0c224022bbd26963e81,34,25.602474331597634,cgc-star,fcgc,6,11,F3T2,fall_residual,50,17,12.801237165798817,32.53127869035406,2,0.8159766803992071,0.5
False,45,40.47657510066979,28,8.719915467730843,motoneurons,0.41544117647058826,272,5,dff,full,9ea5d3add7fc4c00cf97a0ec38957e6ce51e15c01c935ac1a68c4c90e604737f,85,76.82707434507455,cgc-star,fcgc,9,17,F5T2,full,113,40,36.35049924440476,85.54698981280538,2,0.9083564773163987,0.4731469934821906
False,45,40.62471796398599,2,0.2575443896111698,motoneurons,0.3382352941176471,272,5,dff,deconvolved,9ea5d3add7fc4c00cf97a0ec38957e6ce51e15c01c935ac1a68c4c90e604737f,90,81.81229173887643,cgc-star,fcgc,9,17,F5T2,deconvolved,92,45,41.18757377489045,82.06983612848761,2,0.9972095935910837,0.5034399220394715
False,51,45.83790368092501,6,1.2713928749760965,motoneurons,0.3713235294117647,272,5,dff,rise,9ea5d3add7fc4c00cf97a0ec38957e6ce51e15c01c935ac1a68c4c90e604737f,95,85.57551426739735,cgc-star,fcgc,9,17,F5T2,rise,101,44,39.73761058647234,86.84690714237345,2,0.9869659345867271,0.4643572513313147
False,42,36.88749439414953,27,10.147475885045836,motoneurons,0.40441176470588236,272,5,dff,fall,9ea5d3add7fc4c00cf97a0ec38957e6ce51e15c01c935ac1a68c4c90e604737f,83,73.05049559263962,cgc-star,fcgc,9,17,F5T2,fall,110,41,36.16300119849009,83.19797147768546,2,0.8900947185072144,0.49504114797728743
False,40,35.333906600704864,20,11.620181592573683,motoneurons,0.3639705882352941,272,5,dff,fall_residual,9ea5d3add7fc4c00cf97a0ec38957e6ce51e15c01c935ac1a68c4c90e604737f,79,69.84887756195099,cgc-star,fcgc,9,17,F5T2,fall_residual,99,39,34.514970961246114,81.46905915452466,2,0.8711733942324711,0.4941378038699876
False,23,19.09783869125145,0,0.0,motoneurons,0.24725274725274726,182,3,f_smooth,full,037c172d52d70369086b2a8ac83877952e50370ad4cfce159ca18b63a0879768,45,37.17417770877774,cgc-star,fcgc,7,14,F3T1,full,45,22,18.076339017526287,37.174177708777734,1,1.0,0.48626062852381585
False,23,16.37845293881737,0,0.0,motoneurons,0.2692307692307692,182,3,f_smooth,deconvolved,037c172d52d70369086b2a8ac83877952e50370ad4cfce159ca18b63a0879768,49,34.895511069984714,cgc-star,fcgc,7,14,F3T1,deconvolved,49,26,18.517058131167346,34.89551106998471,1,1.0,0.5306429842517695
False,25,20.165755950372624,0,0.0,motoneurons,0.26373626373626374,182,3,f_smooth,rise,037c172d52d70369086b2a8ac83877952e50370ad4cfce159ca18b63a0879768,48,39.066530878289946,cgc-star,fcgc,7,14,F3T1,rise,48,23,18.900774927917325,39.06653087828995,1,1.0,0.4838099135754299
False,24,20.54323521403633,1,0.3399817370895146,motoneurons,0.2967032967032967,182,3,f_smooth,fall,037c172d52d70369086b2a8ac83877952e50370ad4cfce159ca18b63a0879768,53,44.1362339937926,cgc-star,fcgc,7,14,F3T1,fall,54,29,23.592998779756275,44.47621573088212,1,0.9934407303162573,0.534549431269429
False,19,15.201451377872546,0,0.0,motoneurons,0.23076923076923078,182,3,f_smooth,fall_residual,037c172d52d70369086b2a8ac83877952e50370ad4cfce159ca18b63a0879768,42,32.510577688840954,cgc-star,fcgc,7,14,F3T1,fall_residual,42,23,17.309126310968413,32.51057768884096,1,1.0,0.532415218106372
False,13,12.268004289677044,0,0.0,motoneurons,0.24545454545454545,110,3,f_smooth,full,aabdef16b22b4fd004b3acd7e895e4c509c52b725f198bea0af6caefddcfa22a,27,25.099632684379113,cgc-star,fcgc,6,11,F3T2,full,27,14,12.831628394702072,25.099632684379113,2,1.0,0.5112277361209314
False,12,11.275164646679736,0,0.0,motoneurons,0.2545454545454545,110,3,f_smooth,deconvolved,aabdef16b22b4fd004b3acd7e895e4c509c52b725f198bea0af6caefddcfa22a,28,25.346894428734096,cgc-star,fcgc,6,11,F3T2,deconvolved,28,16,14.071729782054364,25.3468944287341,2,1.0,0.5551658338901737
False,16,14.557501927080118,0,0.0,motoneurons,0.3090909090909091,110,3,f_smooth,rise,aabdef16b22b4fd004b3acd7e895e4c509c52b725f198bea0af6caefddcfa22a,34,30.43252517556244,cgc-star,fcgc,6,11,F3T2,rise,34,18,15.875023248482323,30.43252517556244,2,1.0,0.5216465987262238
False,13,12.016229486865669,0,0.0,motoneurons,0.2636363636363636,110,3,f_smooth,fall,aabdef16b22b4fd004b3acd7e895e4c509c52b725f198bea0af6caefddcfa22a,29,25.582693245412262,cgc-star,fcgc,6,11,F3T2,fall,29,16,13.566463758546593,25.582693245412262,2,1.0,0.5302984962687407
False,13,11.27569030417409,0,0.0,motoneurons,0.2636363636363636,110,3,f_smooth,fall_residual,aabdef16b22b4fd004b3acd7e895e4c509c52b725f198bea0af6caefddcfa22a,29,24.11044184722727,cgc-star,fcgc,6,11,F3T2,fall_residual,29,16,12.83475154305318,24.110441847227275,2,1.0,0.532331660463916
False,43,40.14451235730125,0,0.0,motoneurons,0.31985294117647056,272,5,f_smooth,full,2cb6f2c27c3091ec672703edaf997d1bac55834949033ec3e7cf21b4afda0d52,87,81.25753724236145,cgc-star,fcgc,9,17,F5T2,full,87,44,41.113024885060206,81.25753724236147,2,1.0,0.5059595242523179
False,41,39.01983109254306,0,0.0,motoneurons,0.30514705882352944,272,5,f_smooth,deconvolved,2cb6f2c27c3091ec672703edaf997d1bac55834949033ec3e7cf21b4afda0d52,83,78.44512311065013,cgc-star,fcgc,9,17,F5T2,deconvolved,83,42,39.42529201810708,78.44512311065014,2,1.0,0.5025843603112975
False,42,39.01766227627482,0,0.0,motoneurons,0.29411764705882354,272,5,f_smooth,rise,2cb6f2c27c3091ec672703edaf997d1bac55834949033ec3e7cf21b4afda0d52,80,74.95849954603301,cgc-star,fcgc,9,17,F5T2,rise,80,38,35.94083726975819,74.958499546033,2,1.0,0.4794764768161674
False,40,35.471223796510515,0,0.0,motoneurons,0.28308823529411764,272,5,f_smooth,fall,2cb6f2c27c3091ec672703edaf997d1bac55834949033ec3e7cf21b4afda0d52,77,68.76449609203823,cgc-star,fcgc,9,17,F5T2,fall,77,37,33.293272295527714,68.76449609203823,2,1.0,0.48416369184129765
False,34,27.641954568432674,0,0.0,motoneurons,0.23897058823529413,272,5,f_smooth,fall_residual,2cb6f2c27c3091ec672703edaf997d1bac55834949033ec3e7cf21b4afda0d52,65,52.62512812482842,cgc-star,fcgc,9,17,F5T2,fall_residual,65,31,24.983173556395748,52.62512812482842,2,1.0,0.4747384841920934
